geoid,name,namelsad,stusps,state_name,statefp,countyfp,countyns,lsad,aland_sqm,awater_sqm,is_conus,is_territory
01001,Autauga,Autauga County,AL,Alabama,01,001,00161526,06,1539631460,25677536,True,False
01003,Baldwin,Baldwin County,AL,Alabama,01,003,00161527,06,4117933903,1132678359,True,False
01005,Barbour,Barbour County,AL,Alabama,01,005,00161528,06,2292160152,50523213,True,False
01007,Bibb,Bibb County,AL,Alabama,01,007,00161529,06,1612188713,9572302,True,False
01009,Blount,Blount County,AL,Alabama,01,009,00161530,06,1670296790,14822589,True,False
01011,Bullock,Bullock County,AL,Alabama,01,011,00161531,06,1613084323,6029813,True,False
01013,Butler,Butler County,AL,Alabama,01,013,00161532,06,2012002548,2701199,True,False
01015,Calhoun,Calhoun County,AL,Alabama,01,015,00161533,06,1569256904,16525540,True,False
01017,Chambers,Chambers County,AL,Alabama,01,017,00161534,06,1545081616,16975680,True,False
01019,Cherokee,Cherokee County,AL,Alabama,01,019,00161535,06,1433861819,120069842,True,False
01021,Chilton,Chilton County,AL,Alabama,01,021,00161536,06,1794443235,20587728,True,False
01023,Choctaw,Choctaw County,AL,Alabama,01,023,00161537,06,2365900084,19114321,True,False
01025,Clarke,Clarke County,AL,Alabama,01,025,00161538,06,3207494085,36657889,True,False
01027,Clay,Clay County,AL,Alabama,01,027,00161539,06,1564255426,5281615,True,False
01029,Cleburne,Cleburne County,AL,Alabama,01,029,00161540,06,1450725401,2293266,True,False
01031,Coffee,Coffee County,AL,Alabama,01,031,00161541,06,1758772316,3700803,True,False
01033,Colbert,Colbert County,AL,Alabama,01,033,00161542,06,1535740660,79162005,True,False
01035,Conecuh,Conecuh County,AL,Alabama,01,035,00161543,06,2202213385,6426488,True,False
01037,Coosa,Coosa County,AL,Alabama,01,037,00161544,06,1685846963,39991153,True,False
01039,Covington,Covington County,AL,Alabama,01,039,00161545,06,2669171988,34188423,True,False
01041,Crenshaw,Crenshaw County,AL,Alabama,01,041,00161546,06,1576952763,5388562,True,False
01043,Cullman,Cullman County,AL,Alabama,01,043,00161547,06,1902990047,52505884,True,False
01045,Dale,Dale County,AL,Alabama,01,045,00161548,06,1453276163,4051341,True,False
01047,Dallas,Dallas County,AL,Alabama,01,047,00161549,06,2534926511,39117865,True,False
01049,DeKalb,DeKalb County,AL,Alabama,01,049,00161550,06,2012620260,4107136,True,False
01051,Elmore,Elmore County,AL,Alabama,01,051,00161551,06,1601959017,99767744,True,False
01053,Escambia,Escambia County,AL,Alabama,01,053,00161552,06,2448595162,20024888,True,False
01055,Etowah,Etowah County,AL,Alabama,01,055,00161553,06,1386014339,34925394,True,False
01057,Fayette,Fayette County,AL,Alabama,01,057,00161554,06,1625693253,4330881,True,False
01059,Franklin,Franklin County,AL,Alabama,01,059,00161555,06,1641945980,32539347,True,False
01061,Geneva,Geneva County,AL,Alabama,01,061,00161556,06,1487908412,11567410,True,False
01063,Greene,Greene County,AL,Alabama,01,063,00161557,06,1675782055,33416143,True,False
01065,Hale,Hale County,AL,Alabama,01,065,00161558,06,1667929293,32401180,True,False
01067,Henry,Henry County,AL,Alabama,01,067,00161559,06,1455383133,16530319,True,False
01069,Houston,Houston County,AL,Alabama,01,069,00161560,06,1501746884,4790782,True,False
01071,Jackson,Jackson County,AL,Alabama,01,071,00161561,06,2792044613,126334711,True,False
01073,Jefferson,Jefferson County,AL,Alabama,01,073,00161562,06,2878944657,32589354,True,False
01075,Lamar,Lamar County,AL,Alabama,01,075,00161563,06,1566381027,1600679,True,False
01077,Lauderdale,Lauderdale County,AL,Alabama,01,077,00161564,06,1730239535,133515490,True,False
01079,Lawrence,Lawrence County,AL,Alabama,01,079,00161565,06,1788864897,68681744,True,False
01081,Lee,Lee County,AL,Alabama,01,081,00161566,06,1573566913,21476665,True,False
01083,Limestone,Limestone County,AL,Alabama,01,083,00161567,06,1459194296,113413202,True,False
01085,Lowndes,Lowndes County,AL,Alabama,01,085,00161568,06,1854651686,23271386,True,False
01087,Macon,Macon County,AL,Alabama,01,087,00161569,06,1576435599,11765503,True,False
01089,Madison,Madison County,AL,Alabama,01,089,00161570,06,2076184339,28738297,True,False
01091,Marengo,Marengo County,AL,Alabama,01,091,00161572,06,2530155123,14951685,True,False
01093,Marion,Marion County,AL,Alabama,01,093,00161573,06,1922657203,3183480,True,False
01095,Marshall,Marshall County,AL,Alabama,01,095,00161574,06,1465553966,148475491,True,False
01097,Mobile,Mobile County,AL,Alabama,01,097,00161575,06,3184085284,1073989994,True,False
01099,Monroe,Monroe County,AL,Alabama,01,099,00161576,06,2656469674,22609681,True,False
01101,Montgomery,Montgomery County,AL,Alabama,01,101,00161577,06,2034060018,37702559,True,False
01103,Morgan,Morgan County,AL,Alabama,01,103,00161578,06,1501355216,50176735,True,False
01105,Perry,Perry County,AL,Alabama,01,105,00161579,06,1863936201,10902207,True,False
01107,Pickens,Pickens County,AL,Alabama,01,107,00161580,06,2282781604,22621093,True,False
01109,Pike,Pike County,AL,Alabama,01,109,00161581,06,1740645367,2339145,True,False
01111,Randolph,Randolph County,AL,Alabama,01,111,00161582,06,1503618351,9283013,True,False
01113,Russell,Russell County,AL,Alabama,01,113,00161583,06,1660653959,15562947,True,False
01115,St. Clair,St. Clair County,AL,Alabama,01,115,00164997,06,1635862394,56329029,True,False
01117,Shelby,Shelby County,AL,Alabama,01,117,00161584,06,2034317787,62250055,True,False
01119,Sumter,Sumter County,AL,Alabama,01,119,00161585,06,2340898909,24634886,True,False
01121,Talladega,Talladega County,AL,Alabama,01,121,00161586,06,1908348729,60872243,True,False
01123,Tallapoosa,Tallapoosa County,AL,Alabama,01,123,00161587,06,1855828177,128760802,True,False
01125,Tuscaloosa,Tuscaloosa County,AL,Alabama,01,125,00161588,06,3421019929,78663574,True,False
01127,Walker,Walker County,AL,Alabama,01,127,00161589,06,2048837427,36603372,True,False
01129,Washington,Washington County,AL,Alabama,01,129,00161590,06,2797848585,21524393,True,False
01131,Wilcox,Wilcox County,AL,Alabama,01,131,00161591,06,2299540559,50592191,True,False
01133,Winston,Winston County,AL,Alabama,01,133,00161592,06,1587662524,48868810,True,False
02013,Aleutians East,Aleutians East Borough,AK,Alaska,02,013,01419964,04,18092037389,20799701286,False,False
02016,Aleutians West,Aleutians West Census Area,AK,Alaska,02,016,01419965,05,11363234702,25198286125,False,False
02020,Anchorage,Anchorage Municipality,AK,Alaska,02,020,01416061,12,4420596509,615656658,False,False
02050,Bethel,Bethel Census Area,AK,Alaska,02,050,01419966,05,105295646665,12692833025,False,False
02060,Bristol Bay,Bristol Bay Borough,AK,Alaska,02,060,01419967,04,1246773236,952149115,False,False
02063,Chugach,Chugach Census Area,AK,Alaska,02,063,02804400,05,24797447815,14539007638,False,False
02066,Copper River,Copper River Census Area,AK,Alaska,02,066,02804401,05,63836358975,1217343850,False,False
02068,Denali,Denali Borough,AK,Alaska,02,068,01419988,04,32736790955,69480244,False,False
02070,Dillingham,Dillingham Census Area,AK,Alaska,02,070,01419968,05,47534537685,5891862209,False,False
02090,Fairbanks North Star,Fairbanks North Star Borough,AK,Alaska,02,090,01419969,04,18997546107,258865394,False,False
02100,Haines,Haines Borough,AK,Alaska,02,100,01419970,04,6047449333,1032344904,False,False
02105,Hoonah-Angoon,Hoonah-Angoon Census Area,AK,Alaska,02,105,02371430,05,16989620637,7836454681,False,False
02110,Juneau,Juneau City and Borough,AK,Alaska,02,110,01419971,03,7000540330,1437614880,False,False
02122,Kenai Peninsula,Kenai Peninsula Borough,AK,Alaska,02,122,01419972,04,41485521254,22541995126,False,False
02130,Ketchikan Gateway,Ketchikan Gateway Borough,AK,Alaska,02,130,01419973,04,12579808103,4714991291,False,False
02150,Kodiak Island,Kodiak Island Borough,AK,Alaska,02,150,01419974,04,17325688361,14147958943,False,False
02158,Kusilvak,Kusilvak Census Area,AK,Alaska,02,158,01419985,05,44422100885,6493474805,False,False
02164,Lake and Peninsula,Lake and Peninsula Borough,AK,Alaska,02,164,01419975,04,61891863800,25676773493,False,False
02170,Matanuska-Susitna,Matanuska-Susitna Borough,AK,Alaska,02,170,01419976,04,63991131512,1451801576,False,False
02180,Nome,Nome Census Area,AK,Alaska,02,180,01419977,05,59491561075,13779831399,False,False
02185,North Slope,North Slope Borough,AK,Alaska,02,185,01419978,04,229972241966,15630941601,False,False
02188,Northwest Arctic,Northwest Arctic Borough,AK,Alaska,02,188,01419979,04,92389266902,12815474515,False,False
02195,Petersburg,Petersburg Borough,AK,Alaska,02,195,02516404,04,7513271267,2399804664,False,False
02198,Prince of Wales-Hyder,Prince of Wales-Hyder Census Area,AK,Alaska,02,198,01419980,05,13644253277,14625137414,False,False
02220,Sitka,Sitka City and Borough,AK,Alaska,02,220,01419981,03,7433786701,4931993422,False,False
02230,Skagway,Skagway Municipality,AK,Alaska,02,230,02339479,12,1147178436,27779583,False,False
02240,Southeast Fairbanks,Southeast Fairbanks Census Area,AK,Alaska,02,240,01419983,05,64333306378,731324887,False,False
02275,Wrangell,Wrangell City and Borough,AK,Alaska,02,275,02516402,03,6620282509,2369914430,False,False
02282,Yakutat,Yakutat City and Borough,AK,Alaska,02,282,01419986,03,19757491677,3978728625,False,False
02290,Yukon-Koyukuk,Yukon-Koyukuk Census Area,AK,Alaska,02,290,01419987,05,377536045709,5466592380,False,False
04001,Apache,Apache County,AZ,Arizona,04,001,00025441,06,29003488072,54140156,True,False
04003,Cochise,Cochise County,AZ,Arizona,04,003,00025442,06,16083494828,17625865,True,False
04005,Coconino,Coconino County,AZ,Arizona,04,005,00025443,06,48216164929,116604557,True,False
04007,Gila,Gila County,AZ,Arizona,04,007,00040471,06,12322068653,96466819,True,False
04009,Graham,Graham County,AZ,Arizona,04,009,00025444,06,11970605966,47476264,True,False
04011,Greenlee,Greenlee County,AZ,Arizona,04,011,00042807,06,4772927116,11947401,True,False
04012,La Paz,La Paz County,AZ,Arizona,04,012,00043540,06,11646086548,36514346,True,False
04013,Maricopa,Maricopa County,AZ,Arizona,04,013,00037026,06,23833123166,62055787,True,False
04015,Mohave,Mohave County,AZ,Arizona,04,015,00025445,06,34530032722,333388241,True,False
04017,Navajo,Navajo County,AZ,Arizona,04,017,00042808,06,25769074624,24120915,True,False
04019,Pima,Pima County,AZ,Arizona,04,019,00025446,06,23798602443,5112015,True,False
04021,Pinal,Pinal County,AZ,Arizona,04,021,00025447,06,13899645885,20747212,True,False
04023,Santa Cruz,Santa Cruz County,AZ,Arizona,04,023,00040472,06,3201899629,3068237,True,False
04025,Yavapai,Yavapai County,AZ,Arizona,04,025,00042809,06,21038297504,11358280,True,False
04027,Yuma,Yuma County,AZ,Arizona,04,027,00023901,06,14280726743,13242852,True,False
05001,Arkansas,Arkansas County,AR,Arkansas,05,001,00063755,06,2569631427,120698186,True,False
05003,Ashley,Ashley County,AR,Arkansas,05,003,00063756,06,2397012343,38656004,True,False
05005,Baxter,Baxter County,AR,Arkansas,05,005,00069895,06,1434670072,84921211,True,False
05007,Benton,Benton County,AR,Arkansas,05,007,00069896,06,2195637338,94852627,True,False
05009,Boone,Boone County,AR,Arkansas,05,009,00069897,06,1527375321,31797985,True,False
05011,Bradley,Bradley County,AR,Arkansas,05,011,00063757,06,1681335017,9505606,True,False
05013,Calhoun,Calhoun County,AR,Arkansas,05,013,00063758,06,1628067843,9887802,True,False
05015,Carroll,Carroll County,AR,Arkansas,05,015,00066975,06,1631504874,22715757,True,False
05017,Chicot,Chicot County,AR,Arkansas,05,017,00069160,06,1649764401,140413175,True,False
05019,Clark,Clark County,AR,Arkansas,05,019,00066845,06,2242855175,43965580,True,False
05021,Clay,Clay County,AR,Arkansas,05,021,00063759,06,1655581940,5497697,True,False
05023,Cleburne,Cleburne County,AR,Arkansas,05,023,00066983,06,1434747668,98885396,True,False
05025,Cleveland,Cleveland County,AR,Arkansas,05,025,00063760,06,1548580963,2561701,True,False
05027,Columbia,Columbia County,AR,Arkansas,05,027,00063761,06,1984098877,1985830,True,False
05029,Conway,Conway County,AR,Arkansas,05,029,00066846,06,1429552829,37663258,True,False
05031,Craighead,Craighead County,AR,Arkansas,05,031,00066847,06,1831554771,14306976,True,False
05033,Crawford,Crawford County,AR,Arkansas,05,033,00069161,06,1541738664,26917847,True,False
05035,Crittenden,Crittenden County,AR,Arkansas,05,035,00069162,06,1584585354,82932241,True,False
05037,Cross,Cross County,AR,Arkansas,05,037,00066848,06,1596255184,15389371,True,False
05039,Dallas,Dallas County,AR,Arkansas,05,039,00066849,06,1728358304,1731378,True,False
05041,Desha,Desha County,AR,Arkansas,05,041,00066850,06,1919768425,185180908,True,False
05043,Drew,Drew County,AR,Arkansas,05,043,00066851,06,2146237579,18789748,True,False
05045,Faulkner,Faulkner County,AR,Arkansas,05,045,00066852,06,1676362422,43607253,True,False
05047,Franklin,Franklin County,AR,Arkansas,05,047,00066853,06,1577218103,28853849,True,False
05049,Fulton,Fulton County,AR,Arkansas,05,049,00066854,06,1600597358,6357861,True,False
05051,Garland,Garland County,AR,Arkansas,05,051,00066855,06,1755013661,147452174,True,False
05053,Grant,Grant County,AR,Arkansas,05,053,00066856,06,1636581704,2896901,True,False
05055,Greene,Greene County,AR,Arkansas,05,055,00066857,06,1495322286,5255220,True,False
05057,Hempstead,Hempstead County,AR,Arkansas,05,057,00066858,06,1883439299,35737908,True,False
05059,Hot Spring,Hot Spring County,AR,Arkansas,05,059,00066859,06,1592697267,18725590,True,False
05061,Howard,Howard County,AR,Arkansas,05,061,00066872,06,1521182023,21361761,True,False
05063,Independence,Independence County,AR,Arkansas,05,063,00069163,06,1978003732,20251226,True,False
05065,Izard,Izard County,AR,Arkansas,05,065,00066860,06,1502713771,9576574,True,False
05067,Jackson,Jackson County,AR,Arkansas,05,067,00066861,06,1641044497,20284491,True,False
05069,Jefferson,Jefferson County,AR,Arkansas,05,069,00066862,06,2259364692,113071690,True,False
05071,Johnson,Johnson County,AR,Arkansas,05,071,00066863,06,1711955747,59529091,True,False
05073,Lafayette,Lafayette County,AR,Arkansas,05,073,00066864,06,1371327390,43028603,True,False
05075,Lawrence,Lawrence County,AR,Arkansas,05,075,00066865,06,1521690360,12395693,True,False
05077,Lee,Lee County,AR,Arkansas,05,077,00066866,06,1553493433,57858191,True,False
05079,Lincoln,Lincoln County,AR,Arkansas,05,079,00066873,06,1449008948,26693606,True,False
05081,Little River,Little River County,AR,Arkansas,05,081,00066874,06,1375943076,83115228,True,False
05083,Logan,Logan County,AR,Arkansas,05,083,00082850,06,1836599803,53969486,True,False
05085,Lonoke,Lonoke County,AR,Arkansas,05,085,00069164,06,1998752691,82011970,True,False
05087,Madison,Madison County,AR,Arkansas,05,087,00069165,06,2160665369,7455733,True,False
05089,Marion,Marion County,AR,Arkansas,05,089,00069898,06,1545182805,112951239,True,False
05091,Miller,Miller County,AR,Arkansas,05,091,00069166,06,1616257231,36848741,True,False
05093,Mississippi,Mississippi County,AR,Arkansas,05,093,00069899,06,2336409874,72224609,True,False
05095,Monroe,Monroe County,AR,Arkansas,05,095,00069167,06,1573316560,35707672,True,False
05097,Montgomery,Montgomery County,AR,Arkansas,05,097,00069168,06,2021363886,52979164,True,False
05099,Nevada,Nevada County,AR,Arkansas,05,099,00069169,06,1600067807,7489489,True,False
05101,Newton,Newton County,AR,Arkansas,05,101,00069900,06,2126576326,5935910,True,False
05103,Ouachita,Ouachita County,AR,Arkansas,05,103,00069170,06,1897739676,18183261,True,False
05105,Perry,Perry County,AR,Arkansas,05,105,00069171,06,1427953389,24428560,True,False
05107,Phillips,Phillips County,AR,Arkansas,05,107,00069172,06,1788024157,95966883,True,False
05109,Pike,Pike County,AR,Arkansas,05,109,00069173,06,1554864590,35281504,True,False
05111,Poinsett,Poinsett County,AR,Arkansas,05,111,00069174,06,1963975402,13892744,True,False
05113,Polk,Polk County,AR,Arkansas,05,113,00069175,06,2219200784,12520930,True,False
05115,Pope,Pope County,AR,Arkansas,05,115,00069901,06,2100355859,50772507,True,False
05117,Prairie,Prairie County,AR,Arkansas,05,117,00069176,06,1677059905,72638195,True,False
05119,Pulaski,Pulaski County,AR,Arkansas,05,119,00069177,06,1964169563,126979468,True,False
05121,Randolph,Randolph County,AR,Arkansas,05,121,00069178,06,1688445993,10370823,True,False
05123,St. Francis,St. Francis County,AR,Arkansas,05,123,00083331,06,1644082973,20017606,True,False
05125,Saline,Saline County,AR,Arkansas,05,125,00067102,06,1873898599,17955554,True,False
05127,Scott,Scott County,AR,Arkansas,05,127,00069179,06,2312470682,14373451,True,False
05129,Searcy,Searcy County,AR,Arkansas,05,129,00069180,06,1724618502,6461827,True,False
05131,Sebastian,Sebastian County,AR,Arkansas,05,131,00069181,06,1375759908,34508909,True,False
05133,Sevier,Sevier County,AR,Arkansas,05,133,00069182,06,1459636823,45919661,True,False
05135,Sharp,Sharp County,AR,Arkansas,05,135,00069183,06,1566002713,5220542,True,False
05137,Stone,Stone County,AR,Arkansas,05,137,00069902,06,1570673289,8145444,True,False
05139,Union,Union County,AR,Arkansas,05,139,00069903,06,2691170084,42102269,True,False
05141,Van Buren,Van Buren County,AR,Arkansas,05,141,00069904,06,1837779986,37206288,True,False
05143,Washington,Washington County,AR,Arkansas,05,143,00069905,06,2438382545,27861950,True,False
05145,White,White County,AR,Arkansas,05,145,00069906,06,2677959077,20840622,True,False
05147,Woodruff,Woodruff County,AR,Arkansas,05,147,00069907,06,1517662707,21064563,True,False
05149,Yell,Yell County,AR,Arkansas,05,149,00069908,06,2409688595,46994485,True,False
06001,Alameda,Alameda County,CA,California,06,001,01675839,06,1910010500,216909648,True,False
06003,Alpine,Alpine County,CA,California,06,003,01675840,06,1912292608,12557304,True,False
06005,Amador,Amador County,CA,California,06,005,01675841,06,1539967079,29437117,True,False
06007,Butte,Butte County,CA,California,06,007,01675842,06,4238545144,105204062,True,False
06009,Calaveras,Calaveras County,CA,California,06,009,01675885,06,2641829627,43797225,True,False
06011,Colusa,Colusa County,CA,California,06,011,01675902,06,2980140645,14769737,True,False
06013,Contra Costa,Contra Costa County,CA,California,06,013,01675903,06,1856765315,225325593,True,False
06015,Del Norte,Del Norte County,CA,California,06,015,01682074,06,2606049837,578810830,True,False
06017,El Dorado,El Dorado County,CA,California,06,017,00277273,06,4423289514,203362530,True,False
06019,Fresno,Fresno County,CA,California,06,019,00277274,06,15432656111,136636505,True,False
06021,Glenn,Glenn County,CA,California,06,021,00277275,06,3403088114,33796765,True,False
06023,Humboldt,Humboldt County,CA,California,06,023,01681908,06,9241141620,1254149638,True,False
06025,Imperial,Imperial County,CA,California,06,025,00277277,06,10814374223,790135128,True,False
06027,Inyo,Inyo County,CA,California,06,027,01804637,06,26410783051,77280938,True,False
06029,Kern,Kern County,CA,California,06,029,02054176,06,21068706344,78331375,True,False
06031,Kings,Kings County,CA,California,06,031,00277280,06,3602601926,3164290,True,False
06033,Lake,Lake County,CA,California,06,033,00277281,06,3250699790,189048038,True,False
06035,Lassen,Lassen County,CA,California,06,035,01693324,06,11762090639,462950977,True,False
06037,Los Angeles,Los Angeles County,CA,California,06,037,00277283,06,10516101987,1784889482,True,False
06039,Madera,Madera County,CA,California,06,039,00277284,06,5534050365,42266781,True,False
06041,Marin,Marin County,CA,California,06,041,00277285,06,1347160151,797807338,True,False
06043,Mariposa,Mariposa County,CA,California,06,043,00277286,06,3752476985,36220865,True,False
06045,Mendocino,Mendocino County,CA,California,06,045,00277287,06,9082587768,961785099,True,False
06047,Merced,Merced County,CA,California,06,047,00277288,06,5019448521,105236254,True,False
06049,Modoc,Modoc County,CA,California,06,049,00277289,06,10225876984,660504011,True,False
06051,Mono,Mono County,CA,California,06,051,00277290,06,7896625260,214695142,True,False
06053,Monterey,Monterey County,CA,California,06,053,00277291,06,8499610242,1267806310,True,False
06055,Napa,Napa County,CA,California,06,055,00277292,06,1947608460,104442635,True,False
06057,Nevada,Nevada County,CA,California,06,057,01682927,06,2480587306,41531993,True,False
06059,Orange,Orange County,CA,California,06,059,00277294,06,2054504217,405282838,True,False
06061,Placer,Placer County,CA,California,06,061,00277295,06,3645152546,245620304,True,False
06063,Plumas,Plumas County,CA,California,06,063,00277296,06,6612400768,156387638,True,False
06065,Riverside,Riverside County,CA,California,06,065,00277297,06,18671278673,242554037,True,False
06067,Sacramento,Sacramento County,CA,California,06,067,00277298,06,2500322926,75063510,True,False
06069,San Benito,San Benito County,CA,California,06,069,00277299,06,3596591079,4719300,True,False
06071,San Bernardino,San Bernardino County,CA,California,06,071,00277300,06,51976967449,96404497,True,False
06073,San Diego,San Diego County,CA,California,06,073,00277301,06,10906140199,815875507,True,False
06075,San Francisco,San Francisco County,CA,California,06,075,00277302,06,120913550,479701988,True,False
06077,San Joaquin,San Joaquin County,CA,California,06,077,00277303,06,3606041616,88864241,True,False
06079,San Luis Obispo,San Luis Obispo County,CA,California,06,079,00277304,06,8549140854,815650229,True,False
06081,San Mateo,San Mateo County,CA,California,06,081,00277305,06,1161875517,757208773,True,False
06083,Santa Barbara,Santa Barbara County,CA,California,06,083,00277306,06,7080874941,2729198795,True,False
06085,Santa Clara,Santa Clara County,CA,California,06,085,00277307,06,3343891498,33597067,True,False
06087,Santa Cruz,Santa Cruz County,CA,California,06,087,00277308,06,1152818085,419720203,True,False
06089,Shasta,Shasta County,CA,California,06,089,01682610,06,9778891282,185818274,True,False
06091,Sierra,Sierra County,CA,California,06,091,00277310,06,2468694580,23299110,True,False
06093,Siskiyou,Siskiyou County,CA,California,06,093,00277311,06,16261931190,179151860,True,False
06095,Solano,Solano County,CA,California,06,095,00277312,06,2128290837,218611505,True,False
06097,Sonoma,Sonoma County,CA,California,06,097,01657246,06,4080103624,497291855,True,False
06099,Stanislaus,Stanislaus County,CA,California,06,099,00277314,06,3875010973,46378776,True,False
06101,Sutter,Sutter County,CA,California,06,101,00277315,06,1560975500,14811541,True,False
06103,Tehama,Tehama County,CA,California,06,103,01692767,06,7638229381,33767224,True,False
06105,Trinity,Trinity County,CA,California,06,105,00277317,06,8234265082,73407950,True,False
06107,Tulare,Tulare County,CA,California,06,107,00277318,06,12493843648,37260863,True,False
06109,Tuolumne,Tuolumne County,CA,California,06,109,00277319,06,5752135141,138666931,True,False
06111,Ventura,Ventura County,CA,California,06,111,00277320,06,4767597085,947364124,True,False
06113,Yolo,Yolo County,CA,California,06,113,00277321,06,2623627930,22888380,True,False
06115,Yuba,Yuba County,CA,California,06,115,00277322,06,1636887865,31084093,True,False
08001,Adams,Adams County,CO,Colorado,08,001,00198116,06,3021997387,43544989,True,False
08003,Alamosa,Alamosa County,CO,Colorado,08,003,00198117,06,1871643029,1670455,True,False
08005,Arapahoe,Arapahoe County,CO,Colorado,08,005,00198118,06,2066516726,19791984,True,False
08007,Archuleta,Archuleta County,CO,Colorado,08,007,00198119,06,3496713581,13738831,True,False
08009,Baca,Baca County,CO,Colorado,08,009,00198120,06,6617400569,6142192,True,False
08011,Bent,Bent County,CO,Colorado,08,011,00198121,06,3918255143,73141519,True,False
08013,Boulder,Boulder County,CO,Colorado,08,013,00198122,06,1881409373,36403508,True,False
08014,Broomfield,Broomfield County,CO,Colorado,08,014,01945881,06,85384996,1502572,True,False
08015,Chaffee,Chaffee County,CO,Colorado,08,015,00198123,06,2624715688,3999975,True,False
08017,Cheyenne,Cheyenne County,CO,Colorado,08,017,00198124,06,4605713958,8166129,True,False
08019,Clear Creek,Clear Creek County,CO,Colorado,08,019,00198125,06,1023234147,3274806,True,False
08021,Conejos,Conejos County,CO,Colorado,08,021,00198126,06,3334418691,9235012,True,False
08023,Costilla,Costilla County,CO,Colorado,08,023,00198127,06,3179452305,8828906,True,False
08025,Crowley,Crowley County,CO,Colorado,08,025,00198128,06,2039427880,33422980,True,False
08027,Custer,Custer County,CO,Colorado,08,027,00198129,06,1913031986,3364150,True,False
08029,Delta,Delta County,CO,Colorado,08,029,00198130,06,2958093553,16784209,True,False
08031,Denver,Denver County,CO,Colorado,08,031,00198131,06,396460153,4275563,True,False
08033,Dolores,Dolores County,CO,Colorado,08,033,00198132,06,2763958502,2716141,True,False
08035,Douglas,Douglas County,CO,Colorado,08,035,00198133,06,2177889327,6795841,True,False
08037,Eagle,Eagle County,CO,Colorado,08,037,00198134,06,4362757338,18967533,True,False
08039,Elbert,Elbert County,CO,Colorado,08,039,00198136,06,4791700166,442147,True,False
08041,El Paso,El Paso County,CO,Colorado,08,041,00198135,06,5507412948,7044326,True,False
08043,Fremont,Fremont County,CO,Colorado,08,043,00198137,06,3972614690,2234517,True,False
08045,Garfield,Garfield County,CO,Colorado,08,045,00198138,06,7633796653,21707241,True,False
08047,Gilpin,Gilpin County,CO,Colorado,08,047,00198139,06,388556762,942056,True,False
08049,Grand,Grand County,CO,Colorado,08,049,00198140,06,4782625749,59537083,True,False
08051,Gunnison,Gunnison County,CO,Colorado,08,051,00198141,06,8389334149,53070998,True,False
08053,Hinsdale,Hinsdale County,CO,Colorado,08,053,00198142,06,2893614474,15324685,True,False
08055,Huerfano,Huerfano County,CO,Colorado,08,055,00198143,06,4120756314,5792101,True,False
08057,Jackson,Jackson County,CO,Colorado,08,057,00198144,06,4179530230,18750017,True,False
08059,Jefferson,Jefferson County,CO,Colorado,08,059,00198145,06,1979849267,24965560,True,False
08061,Kiowa,Kiowa County,CO,Colorado,08,061,00198146,06,4578603586,47032918,True,False
08063,Kit Carson,Kit Carson County,CO,Colorado,08,063,00198147,06,5596501952,2251929,True,False
08065,Lake,Lake County,CO,Colorado,08,065,00198149,06,976215871,18111565,True,False
08067,La Plata,La Plata County,CO,Colorado,08,067,00198148,06,4376255271,25642579,True,False
08069,Larimer,Larimer County,CO,Colorado,08,069,00198150,06,6722949455,99049183,True,False
08071,Las Animas,Las Animas County,CO,Colorado,08,071,00198151,06,12361852635,6929970,True,False
08073,Lincoln,Lincoln County,CO,Colorado,08,073,00198152,06,6676289549,22780358,True,False
08075,Logan,Logan County,CO,Colorado,08,075,00198153,06,4761949509,16363553,True,False
08077,Mesa,Mesa County,CO,Colorado,08,077,00198154,06,8621348059,31991713,True,False
08079,Mineral,Mineral County,CO,Colorado,08,079,00198155,06,2268209075,5222161,True,False
08081,Moffat,Moffat County,CO,Colorado,08,081,00198156,06,12284943815,19803411,True,False
08083,Montezuma,Montezuma County,CO,Colorado,08,083,00198157,06,5255989973,27208195,True,False
08085,Montrose,Montrose County,CO,Colorado,08,085,00198158,06,5804023563,4923260,True,False
08087,Morgan,Morgan County,CO,Colorado,08,087,00198159,06,3316461692,34642895,True,False
08089,Otero,Otero County,CO,Colorado,08,089,00198160,06,3268424304,20092556,True,False
08091,Ouray,Ouray County,CO,Colorado,08,091,00198161,06,1400332624,3986292,True,False
08093,Park,Park County,CO,Colorado,08,093,00198162,06,5681165600,43519329,True,False
08095,Phillips,Phillips County,CO,Colorado,08,095,00198163,06,1781724974,301808,True,False
08097,Pitkin,Pitkin County,CO,Colorado,08,097,00198164,06,2514104902,6472577,True,False
08099,Prowers,Prowers County,CO,Colorado,08,099,00198165,06,4243454843,15319854,True,False
08101,Pueblo,Pueblo County,CO,Colorado,08,101,00198166,06,6181140047,29044037,True,False
08103,Rio Blanco,Rio Blanco County,CO,Colorado,08,103,00198167,06,8342275014,4868111,True,False
08105,Rio Grande,Rio Grande County,CO,Colorado,08,105,00198168,06,2361956077,984295,True,False
08107,Routt,Routt County,CO,Colorado,08,107,00198169,06,6117602806,15831744,True,False
08109,Saguache,Saguache County,CO,Colorado,08,109,00198170,06,8206547698,4454510,True,False
08111,San Juan,San Juan County,CO,Colorado,08,111,00198171,06,1003660670,2035929,True,False
08113,San Miguel,San Miguel County,CO,Colorado,08,113,00198172,06,3332602593,5207582,True,False
08115,Sedgwick,Sedgwick County,CO,Colorado,08,115,00198173,06,1419419024,3530746,True,False
08117,Summit,Summit County,CO,Colorado,08,117,00198174,06,1575563230,28310936,True,False
08119,Teller,Teller County,CO,Colorado,08,119,00198175,06,1442988182,4960197,True,False
08121,Washington,Washington County,CO,Colorado,08,121,00198176,06,6521806796,15207397,True,False
08123,Weld,Weld County,CO,Colorado,08,123,00198177,06,10321005621,82316993,True,False
08125,Yuma,Yuma County,CO,Colorado,08,125,00198178,06,6123764031,11134195,True,False
09110,Capitol,Capitol Planning Region,CT,Connecticut,09,110,02830244,PL,2660835165,48773550,True,False
09120,Greater Bridgeport,Greater Bridgeport Planning Region,CT,Connecticut,09,120,02830245,PL,363096070,253735932,True,False
09130,Lower Connecticut River Valley,Lower Connecticut River Valley Planning Region,CT,Connecticut,09,130,02830246,PL,1098469096,241074260,True,False
09140,Naugatuck Valley,Naugatuck Valley Planning Region,CT,Connecticut,09,140,02830249,PL,1069106369,22747873,True,False
09150,Northeastern Connecticut,Northeastern Connecticut Planning Region,CT,Connecticut,09,150,02830250,PL,1434595321,23973785,True,False
09160,Northwest Hills,Northwest Hills Planning Region,CT,Connecticut,09,160,02830251,PL,2037392871,55597912,True,False
09170,South Central Connecticut,South Central Connecticut Planning Region,CT,Connecticut,09,170,02830252,PL,951177346,653525530,True,False
09180,Southeastern Connecticut,Southeastern Connecticut Planning Region,CT,Connecticut,09,180,02830253,PL,1549173136,216452635,True,False
09190,Western Connecticut,Western Connecticut Planning Region,CT,Connecticut,09,190,02830254,PL,1378255713,300132108,True,False
10001,Kent,Kent County,DE,Delaware,10,001,00217271,06,1517891101,549776917,True,False
10003,New Castle,New Castle County,DE,Delaware,10,003,00217270,06,1104210699,175313041,True,False
10005,Sussex,Sussex County,DE,Delaware,10,005,00217269,06,2424606008,674113494,True,False
11001,District of Columbia,District of Columbia,DC,District of Columbia,11,001,01702382,00,158318961,18706999,True,False
12001,Alachua,Alachua County,FL,Florida,12,001,00308548,06,2267969501,241216231,True,False
12003,Baker,Baker County,FL,Florida,12,003,00306920,06,1515738966,9686120,True,False
12005,Bay,Bay County,FL,Florida,12,005,00295738,06,1964817460,1833971800,True,False
12007,Bradford,Bradford County,FL,Florida,12,007,00303634,06,761368538,16898784,True,False
12009,Brevard,Brevard County,FL,Florida,12,009,00295749,06,2628767922,1403935646,True,False
12011,Broward,Broward County,FL,Florida,12,011,00295753,06,3115709877,273103315,True,False
12013,Calhoun,Calhoun County,FL,Florida,12,013,00306919,06,1469394599,18070425,True,False
12015,Charlotte,Charlotte County,FL,Florida,12,015,00295742,06,1764168951,689160340,True,False
12017,Citrus,Citrus County,FL,Florida,12,017,00295752,06,1507454468,980854442,True,False
12019,Clay,Clay County,FL,Florida,12,019,00295726,06,1565901871,100868789,True,False
12021,Collier,Collier County,FL,Florida,12,021,00295754,06,5172241142,1574780822,True,False
12023,Columbia,Columbia County,FL,Florida,12,023,00306909,06,2065197098,10207202,True,False
12027,DeSoto,DeSoto County,FL,Florida,12,027,00294452,06,1649031792,6243548,True,False
12029,Dixie,Dixie County,FL,Florida,12,029,00295725,06,1826030989,876346090,True,False
12031,Duval,Duval County,FL,Florida,12,031,00293656,06,1975350160,403459052,True,False
12033,Escambia,Escambia County,FL,Florida,12,033,00295737,06,1701617702,1213958859,True,False
12035,Flagler,Flagler County,FL,Florida,12,035,00308547,06,1259229663,219207668,True,False
12037,Franklin,Franklin County,FL,Florida,12,037,00306911,06,1411549413,2270390075,True,False
12039,Gadsden,Gadsden County,FL,Florida,12,039,00306918,06,1337405279,31475262,True,False
12041,Gilchrist,Gilchrist County,FL,Florida,12,041,00303633,06,905705570,14362143,True,False
12043,Glades,Glades County,FL,Florida,12,043,00295743,06,2089658772,467294511,True,False
12045,Gulf,Gulf County,FL,Florida,12,045,00306917,06,1433472639,624401027,True,False
12047,Hamilton,Hamilton County,FL,Florida,12,047,00295736,06,1332018547,12330813,True,False
12049,Hardee,Hardee County,FL,Florida,12,049,00295746,06,1651297015,1472455,True,False
12051,Hendry,Hendry County,FL,Florida,12,051,00307626,06,2993907668,86567285,True,False
12053,Hernando,Hernando County,FL,Florida,12,053,00295751,06,1225019717,627876236,True,False
12055,Highlands,Highlands County,FL,Florida,12,055,00295756,06,2635753187,230641250,True,False
12057,Hillsborough,Hillsborough County,FL,Florida,12,057,00295757,06,2648363710,790678464,True,False
12059,Holmes,Holmes County,FL,Florida,12,059,00295735,06,1240237030,26389419,True,False
12061,Indian River,Indian River County,FL,Florida,12,061,00307624,06,1301610499,295444062,True,False
12063,Jackson,Jackson County,FL,Florida,12,063,00295734,06,2378425867,93882992,True,False
12065,Jefferson,Jefferson County,FL,Florida,12,065,00295733,06,1549018610,193063920,True,False
12067,Lafayette,Lafayette County,FL,Florida,12,067,00295732,06,1407256298,11817999,True,False
12069,Lake,Lake County,FL,Florida,12,069,00308551,06,2470875328,525122712,True,False
12071,Lee,Lee County,FL,Florida,12,071,00295758,06,2023252433,1900134174,True,False
12073,Leon,Leon County,FL,Florida,12,073,00306916,06,1731219899,86414547,True,False
12075,Levy,Levy County,FL,Florida,12,075,00295724,06,2896278563,1224276906,True,False
12077,Liberty,Liberty County,FL,Florida,12,077,00308549,06,2164099092,19582444,True,False
12079,Madison,Madison County,FL,Florida,12,079,00295731,06,1804001481,49634046,True,False
12081,Manatee,Manatee County,FL,Florida,12,081,00295744,06,1923760990,573067469,True,False
12083,Marion,Marion County,FL,Florida,12,083,00306922,06,4114048470,192244413,True,False
12085,Martin,Martin County,FL,Florida,12,085,00308550,06,1408625668,541957184,True,False
12086,Miami-Dade,Miami-Dade County,FL,Florida,12,086,00295755,06,4920945684,1267367219,True,False
12087,Monroe,Monroe County,FL,Florida,12,087,00295759,06,2546069559,11153839965,True,False
12089,Nassau,Nassau County,FL,Florida,12,089,00295730,06,1680075548,200050173,True,False
12091,Okaloosa,Okaloosa County,FL,Florida,12,091,00306915,06,2408255079,820654799,True,False
12093,Okeechobee,Okeechobee County,FL,Florida,12,093,00295760,06,1992482228,317885012,True,False
12095,Orange,Orange County,FL,Florida,12,095,00295750,06,2338896297,259989516,True,False
12097,Osceola,Osceola County,FL,Florida,12,097,00295748,06,3438091966,462372096,True,False
12099,Palm Beach,Palm Beach County,FL,Florida,12,099,00295761,06,5087565654,1084895350,True,False
12101,Pasco,Pasco County,FL,Florida,12,101,00295739,06,1933704713,694071972,True,False
12103,Pinellas,Pinellas County,FL,Florida,12,103,00295745,06,709120286,1535953337,True,False
12105,Polk,Polk County,FL,Florida,12,105,00295747,06,4658004648,548938965,True,False
12107,Putnam,Putnam County,FL,Florida,12,107,00306910,06,1886536359,255178990,True,False
12109,St. Johns,St. Johns County,FL,Florida,12,109,00308371,06,1555710836,572055450,True,False
12111,St. Lucie,St. Lucie County,FL,Florida,12,111,00308372,06,1481146386,300765585,True,False
12113,Santa Rosa,Santa Rosa County,FL,Florida,12,113,00306914,06,2622108169,543293108,True,False
12115,Sarasota,Sarasota County,FL,Florida,12,115,00295741,06,1440162470,1086505503,True,False
12117,Seminole,Seminole County,FL,Florida,12,117,00303665,06,801317781,93106303,True,False
12119,Sumter,Sumter County,FL,Florida,12,119,00295740,06,1442975452,58773802,True,False
12121,Suwannee,Suwannee County,FL,Florida,12,121,00295729,06,1783430097,9505389,True,False
12123,Taylor,Taylor County,FL,Florida,12,123,00295728,06,2702230205,1213570858,True,False
12125,Union,Union County,FL,Florida,12,125,00306913,06,631672854,15181112,True,False
12127,Volusia,Volusia County,FL,Florida,12,127,00306921,06,2852150750,857845286,True,False
12129,Wakulla,Wakulla County,FL,Florida,12,129,00306912,06,1570620420,804106505,True,False
12131,Walton,Walton County,FL,Florida,12,131,00295727,06,2689380835,961074384,True,False
12133,Washington,Washington County,FL,Florida,12,133,00295762,06,1514306503,81007653,True,False
13001,Appling,Appling County,GA,Georgia,13,001,00349113,06,1316393794,10357488,True,False
13003,Atkinson,Atkinson County,GA,Georgia,13,003,00345784,06,887642157,4696298,True,False
13005,Bacon,Bacon County,GA,Georgia,13,005,00344784,06,735776108,4500418,True,False
13007,Baker,Baker County,GA,Georgia,13,007,00342832,06,885665382,18598653,True,False
13009,Baldwin,Baldwin County,GA,Georgia,13,009,00345255,06,670028048,24803188,True,False
13011,Banks,Banks County,GA,Georgia,13,011,00349230,06,602578098,4635946,True,False
13013,Barrow,Barrow County,GA,Georgia,13,013,00356976,06,417261505,4725595,True,False
13015,Bartow,Bartow County,GA,Georgia,13,015,00351604,06,1188576969,27365997,True,False
13017,Ben Hill,Ben Hill County,GA,Georgia,13,017,00351606,06,647804330,9812173,True,False
13019,Berrien,Berrien County,GA,Georgia,13,019,00326638,06,1174239575,11671125,True,False
13021,Bibb,Bibb County,GA,Georgia,13,021,01672039,06,645898856,14304451,True,False
13023,Bleckley,Bleckley County,GA,Georgia,13,023,00347451,06,559122130,8425411,True,False
13025,Brantley,Brantley County,GA,Georgia,13,025,00351605,06,1147989344,10274469,True,False
13027,Brooks,Brooks County,GA,Georgia,13,027,00345518,06,1277341890,11955148,True,False
13029,Bryan,Bryan County,GA,Georgia,13,029,00350496,06,1133284281,43751220,True,False
13031,Bulloch,Bulloch County,GA,Georgia,13,031,00350302,06,1750752104,32810891,True,False
13033,Burke,Burke County,GA,Georgia,13,033,00347944,06,2142029072,20565643,True,False
13035,Butts,Butts County,GA,Georgia,13,035,00352295,06,475741693,11282739,True,False
13037,Calhoun,Calhoun County,GA,Georgia,13,037,00344074,06,726191507,8271470,True,False
13039,Camden,Camden County,GA,Georgia,13,039,01671316,06,1632398694,392732535,True,False
13043,Candler,Candler County,GA,Georgia,13,043,00342852,06,629530565,15008470,True,False
13045,Carroll,Carroll County,GA,Georgia,13,045,00326650,06,1292704615,11882832,True,False
13047,Catoosa,Catoosa County,GA,Georgia,13,047,00353230,06,419998920,771159,True,False
13049,Charlton,Charlton County,GA,Georgia,13,049,00357747,06,2020432416,5946470,True,False
13051,Chatham,Chatham County,GA,Georgia,13,051,01694477,06,1120936710,510688900,True,False
13053,Chattahoochee,Chattahoochee County,GA,Georgia,13,053,00351012,06,644225831,6277089,True,False
13055,Chattooga,Chattooga County,GA,Georgia,13,055,00352213,06,811512397,570806,True,False
13057,Cherokee,Cherokee County,GA,Georgia,13,057,01685718,06,1090270941,34407819,True,False
13059,Clarke,Clarke County,GA,Georgia,13,059,01672699,06,308985554,4776726,True,False
13061,Clay,Clay County,GA,Georgia,13,061,00344805,06,506093893,56546964,True,False
13063,Clayton,Clayton County,GA,Georgia,13,063,01672399,06,367009135,6914194,True,False
13065,Clinch,Clinch County,GA,Georgia,13,065,00351285,06,2110841412,23291048,True,False
13067,Cobb,Cobb County,GA,Georgia,13,067,01686112,06,879820634,12009196,True,False
13069,Coffee,Coffee County,GA,Georgia,13,069,00347456,06,1533953524,26902591,True,False
13071,Colquitt,Colquitt County,GA,Georgia,13,071,00343936,06,1416897847,24790675,True,False
13073,Columbia,Columbia County,GA,Georgia,13,073,00348865,06,751599722,45344735,True,False
13075,Cook,Cook County,GA,Georgia,13,075,00343878,06,591733042,12259817,True,False
13077,Coweta,Coweta County,GA,Georgia,13,077,00326666,06,1142225857,12624271,True,False
13079,Crawford,Crawford County,GA,Georgia,13,079,00342918,06,841524046,3986929,True,False
13081,Crisp,Crisp County,GA,Georgia,13,081,00351607,06,706242198,21403839,True,False
13083,Dade,Dade County,GA,Georgia,13,083,00347465,06,450855119,488463,True,False
13085,Dawson,Dawson County,GA,Georgia,13,085,00351312,06,546042253,9272655,True,False
13087,Decatur,Decatur County,GA,Georgia,13,087,00352234,06,1546842856,67154652,True,False
13089,DeKalb,DeKalb County,GA,Georgia,13,089,01687424,06,693248803,8848778,True,False
13091,Dodge,Dodge County,GA,Georgia,13,091,00348116,06,1284554870,18512260,True,False
13093,Dooly,Dooly County,GA,Georgia,13,093,00351608,06,1016910346,12140184,True,False
13095,Dougherty,Dougherty County,GA,Georgia,13,095,00351259,06,851186995,15349239,True,False
13097,Douglas,Douglas County,GA,Georgia,13,097,01686467,06,518350006,2379712,True,False
13099,Early,Early County,GA,Georgia,13,099,00345041,06,1327626626,9702714,True,False
13101,Echols,Echols County,GA,Georgia,13,101,00348092,06,1088849470,809587,True,False
13103,Effingham,Effingham County,GA,Georgia,13,103,00350219,06,1240312876,10401161,True,False
13105,Elbert,Elbert County,GA,Georgia,13,105,00347828,06,909358455,59857015,True,False
13107,Emanuel,Emanuel County,GA,Georgia,13,107,00347508,06,1762679432,24889123,True,False
13109,Evans,Evans County,GA,Georgia,13,109,00345923,06,473690215,10299805,True,False
13111,Fannin,Fannin County,GA,Georgia,13,111,00351094,06,1002600776,13470320,True,False
13113,Fayette,Fayette County,GA,Georgia,13,113,01687740,06,504256680,12780875,True,False
13115,Floyd,Floyd County,GA,Georgia,13,115,00353665,06,1320459232,22359373,True,False
13117,Forsyth,Forsyth County,GA,Georgia,13,117,01673358,06,581754395,58405072,True,False
13119,Franklin,Franklin County,GA,Georgia,13,119,00349324,06,676873019,12752863,True,False
13121,Fulton,Fulton County,GA,Georgia,13,121,01694833,06,1364558845,20564942,True,False
13123,Gilmer,Gilmer County,GA,Georgia,13,123,00351260,06,1103804479,12337138,True,False
13125,Glascock,Glascock County,GA,Georgia,13,125,00345642,06,372299252,1832723,True,False
13127,Glynn,Glynn County,GA,Georgia,13,127,01671513,06,1086814714,429147361,True,False
13129,Gordon,Gordon County,GA,Georgia,13,129,00356672,06,923219312,5732776,True,False
13131,Grady,Grady County,GA,Georgia,13,131,00351261,06,1177056240,15021845,True,False
13133,Greene,Greene County,GA,Georgia,13,133,00348672,06,1003664493,48417220,True,False
13135,Gwinnett,Gwinnett County,GA,Georgia,13,135,01688166,06,1116635239,15672305,True,False
13137,Habersham,Habersham County,GA,Georgia,13,137,00351383,06,717081428,5672376,True,False
13139,Hall,Hall County,GA,Georgia,13,139,01686953,06,1016590900,93546822,True,False
13141,Hancock,Hancock County,GA,Georgia,13,141,00348209,06,1220057419,17479620,True,False
13143,Haralson,Haralson County,GA,Georgia,13,143,00350637,06,730804593,2616531,True,False
13145,Harris,Harris County,GA,Georgia,13,145,00326700,06,1201301835,23649852,True,False
13147,Hart,Hart County,GA,Georgia,13,147,01687995,06,601973864,63518171,True,False
13149,Heard,Heard County,GA,Georgia,13,149,00347067,06,766567353,13263789,True,False
13151,Henry,Henry County,GA,Georgia,13,151,01671894,06,825466749,20238933,True,False
13153,Houston,Houston County,GA,Georgia,13,153,01671693,06,974239106,9706193,True,False
13155,Irwin,Irwin County,GA,Georgia,13,155,00352302,06,917795234,21756147,True,False
13157,Jackson,Jackson County,GA,Georgia,13,157,00349570,06,879817681,8785542,True,False
13159,Jasper,Jasper County,GA,Georgia,13,159,00346144,06,954167638,13100767,True,False
13161,Jeff Davis,Jeff Davis County,GA,Georgia,13,161,01687999,06,857075893,11600966,True,False
13163,Jefferson,Jefferson County,GA,Georgia,13,163,00345714,06,1363771349,8059597,True,False
13165,Jenkins,Jenkins County,GA,Georgia,13,165,00342985,06,899705944,13195935,True,False
13167,Johnson,Johnson County,GA,Georgia,13,167,00346664,06,784815224,9256633,True,False
13169,Jones,Jones County,GA,Georgia,13,169,00345367,06,1020304153,3820256,True,False
13171,Lamar,Lamar County,GA,Georgia,13,171,00326713,06,475264402,6044329,True,False
13173,Lanier,Lanier County,GA,Georgia,13,173,00348102,06,509028468,8421165,True,False
13175,Laurens,Laurens County,GA,Georgia,13,175,00346568,06,2090990050,28838459,True,False
13177,Lee,Lee County,GA,Georgia,13,177,00343390,06,921808914,15232856,True,False
13179,Liberty,Liberty County,GA,Georgia,13,179,00357095,06,1337632042,222884796,True,False
13181,Lincoln,Lincoln County,GA,Georgia,13,181,01688000,06,544884775,121513274,True,False
13183,Long,Long County,GA,Georgia,13,183,00326719,06,1037028629,8862019,True,False
13185,Lowndes,Lowndes County,GA,Georgia,13,185,00326720,06,1287872475,34511663,True,False
13187,Lumpkin,Lumpkin County,GA,Georgia,13,187,00357196,06,728907046,3280374,True,False
13189,McDuffie,McDuffie County,GA,Georgia,13,189,00348794,06,666608437,23095606,True,False
13191,McIntosh,McIntosh County,GA,Georgia,13,191,00356886,06,1117184399,369178551,True,False
13193,Macon,Macon County,GA,Georgia,13,193,00346957,06,1037709939,13841916,True,False
13195,Madison,Madison County,GA,Georgia,13,195,01688004,06,731214549,8448220,True,False
13197,Marion,Marion County,GA,Georgia,13,197,00344107,06,947213848,3785944,True,False
13199,Meriwether,Meriwether County,GA,Georgia,13,199,00346892,06,1297342084,10832501,True,False
13201,Miller,Miller County,GA,Georgia,13,201,00344088,06,731471757,3211332,True,False
13205,Mitchell,Mitchell County,GA,Georgia,13,205,00343645,06,1326483081,4314212,True,False
13207,Monroe,Monroe County,GA,Georgia,13,207,00343073,06,1025872450,5643846,True,False
13209,Montgomery,Montgomery County,GA,Georgia,13,209,00352276,06,624563059,9191488,True,False
13211,Morgan,Morgan County,GA,Georgia,13,211,00346008,06,899791090,18672325,True,False
13213,Murray,Murray County,GA,Georgia,13,213,01688005,06,892235592,5719192,True,False
13215,Muscogee,Muscogee County,GA,Georgia,13,215,00357428,06,560731682,11683932,True,False
13217,Newton,Newton County,GA,Georgia,13,217,01673547,06,709175838,13946237,True,False
13219,Oconee,Oconee County,GA,Georgia,13,219,00356774,06,477493473,5214512,True,False
13221,Oglethorpe,Oglethorpe County,GA,Georgia,13,221,00351262,06,1137165335,7708032,True,False
13223,Paulding,Paulding County,GA,Georgia,13,223,00349912,06,809073019,5212127,True,False
13225,Peach,Peach County,GA,Georgia,13,225,00343153,06,389233782,2678497,True,False
13227,Pickens,Pickens County,GA,Georgia,13,227,01673011,06,601019213,1690669,True,False
13229,Pierce,Pierce County,GA,Georgia,13,229,00349086,06,881797534,7163620,True,False
13231,Pike,Pike County,GA,Georgia,13,231,00346482,06,559660484,8595984,True,False
13233,Polk,Polk County,GA,Georgia,13,233,00343585,06,803776464,4663881,True,False
13235,Pulaski,Pulaski County,GA,Georgia,13,235,00347593,06,645583957,5046606,True,False
13237,Putnam,Putnam County,GA,Georgia,13,237,00347246,06,892721735,41451861,True,False
13239,Quitman,Quitman County,GA,Georgia,13,239,00350547,06,391714544,24146826,True,False
13241,Rabun,Rabun County,GA,Georgia,13,241,00351489,06,958651632,17846195,True,False
13243,Randolph,Randolph County,GA,Georgia,13,243,00352242,06,1109126227,6830041,True,False
13245,Richmond,Richmond County,GA,Georgia,13,245,00358024,06,840088197,10943648,True,False
13247,Rockdale,Rockdale County,GA,Georgia,13,247,00357592,06,336228524,5899671,True,False
13249,Schley,Schley County,GA,Georgia,13,249,00344129,06,432291203,2369649,True,False
13251,Screven,Screven County,GA,Georgia,13,251,00350204,06,1672668621,26023811,True,False
13253,Seminole,Seminole County,GA,Georgia,13,253,00351263,06,615253334,49223633,True,False
13255,Spalding,Spalding County,GA,Georgia,13,255,00353055,06,507565084,9372107,True,False
13257,Stephens,Stephens County,GA,Georgia,13,257,00350028,06,463250375,13039192,True,False
13259,Stewart,Stewart County,GA,Georgia,13,259,00347360,06,1188198306,12553229,True,False
13261,Sumter,Sumter County,GA,Georgia,13,261,00343504,06,1250646294,25211441,True,False
13263,Talbot,Talbot County,GA,Georgia,13,263,00326757,06,1013662781,8766848,True,False
13265,Taliaferro,Taliaferro County,GA,Georgia,13,265,00347654,06,504029144,1917633,True,False
13267,Tattnall,Tattnall County,GA,Georgia,13,267,00347445,06,1245369508,19447411,True,False
13269,Taylor,Taylor County,GA,Georgia,13,269,00344156,06,975613073,7801539,True,False
13271,Telfair,Telfair County,GA,Georgia,13,271,00356958,06,1132621092,17356399,True,False
13273,Terrell,Terrell County,GA,Georgia,13,273,00352238,06,869695790,4951325,True,False
13275,Thomas,Thomas County,GA,Georgia,13,275,00343835,06,1410603547,19634755,True,False
13277,Tift,Tift County,GA,Georgia,13,277,00344090,06,675702323,20458292,True,False
13279,Toombs,Toombs County,GA,Georgia,13,279,00345220,06,942794616,18070371,True,False
13281,Towns,Towns County,GA,Georgia,13,281,00351252,06,431481650,13450639,True,False
13283,Treutlen,Treutlen County,GA,Georgia,13,283,00347505,06,516524094,7810905,True,False
13285,Troup,Troup County,GA,Georgia,13,285,01673298,06,1072316354,82719611,True,False
13287,Turner,Turner County,GA,Georgia,13,287,00343238,06,739289382,11756469,True,False
13289,Twiggs,Twiggs County,GA,Georgia,13,289,00345456,06,930478090,8740237,True,False
13291,Union,Union County,GA,Georgia,13,291,00353193,06,838100500,18088336,True,False
13293,Upson,Upson County,GA,Georgia,13,293,00346759,06,837774874,10585407,True,False
13295,Walker,Walker County,GA,Georgia,13,295,00354216,06,1155874767,1672676,True,False
13297,Walton,Walton County,GA,Georgia,13,297,00351264,06,846461070,8234175,True,False
13299,Ware,Ware County,GA,Georgia,13,299,00357722,06,2329333046,22342877,True,False
13301,Warren,Warren County,GA,Georgia,13,301,00347777,06,736510930,6007154,True,False
13303,Washington,Washington County,GA,Georgia,13,303,00348428,06,1757373998,15098975,True,False
13305,Wayne,Wayne County,GA,Georgia,13,305,00350608,06,1662287074,17768149,True,False
13307,Webster,Webster County,GA,Georgia,13,307,00352287,06,543010090,2338844,True,False
13309,Wheeler,Wheeler County,GA,Georgia,13,309,00351278,06,765322119,12369298,True,False
13311,White,White County,GA,Georgia,13,311,00326781,06,623600283,3841609,True,False
13313,Whitfield,Whitfield County,GA,Georgia,13,313,00353513,06,752249528,1578157,True,False
13315,Wilcox,Wilcox County,GA,Georgia,13,315,00345499,06,978525379,11147628,True,False
13317,Wilkes,Wilkes County,GA,Georgia,13,317,00351265,06,1216008875,11889477,True,False
13319,Wilkinson,Wilkinson County,GA,Georgia,13,319,00346824,06,1163481422,7063256,True,False
13321,Worth,Worth County,GA,Georgia,13,321,00343365,06,1478106951,10502443,True,False
15001,Hawaii,Hawaii County,HI,Hawaii,15,001,00365280,06,10433586949,2739520970,False,False
15003,Honolulu,Honolulu County,HI,Hawaii,15,003,00365281,06,1556040330,4054449312,False,False
15005,Kalawao,Kalawao County,HI,Hawaii,15,005,01702380,06,31057603,105764468,False,False
15007,Kauai,Kauai County,HI,Hawaii,15,007,00365282,06,1605377397,1674359172,False,False
15009,Maui,Maui County,HI,Hawaii,15,009,00365283,06,3008374289,3203268772,False,False
16001,Ada,Ada County,ID,Idaho,16,001,00395066,06,2725319005,22034672,True,False
16003,Adams,Adams County,ID,Idaho,16,003,00395067,06,3529645203,17359845,True,False
16005,Bannock,Bannock County,ID,Idaho,16,005,00395091,06,2881336692,92075809,True,False
16007,Bear Lake,Bear Lake County,ID,Idaho,16,007,00395090,06,2527132030,191364281,True,False
16009,Benewah,Benewah County,ID,Idaho,16,009,00395190,06,2012244688,18801416,True,False
16011,Bingham,Bingham County,ID,Idaho,16,011,00400593,06,5422741966,68632371,True,False
16013,Blaine,Blaine County,ID,Idaho,16,013,00395696,06,6831709431,44656834,True,False
16015,Boise,Boise County,ID,Idaho,16,015,00395157,06,4919339892,19101504,True,False
16017,Bonner,Bonner County,ID,Idaho,16,017,00395158,06,4489041236,478899611,True,False
16019,Bonneville,Bonneville County,ID,Idaho,16,019,00395407,06,4832814964,88912973,True,False
16021,Boundary,Boundary County,ID,Idaho,16,021,00395159,06,3285862966,24278846,True,False
16023,Butte,Butte County,ID,Idaho,16,023,00401703,06,5792474010,5259978,True,False
16025,Camas,Camas County,ID,Idaho,16,025,00399408,06,2782253889,11548054,True,False
16027,Canyon,Canyon County,ID,Idaho,16,027,00399406,06,1520448738,43120577,True,False
16029,Caribou,Caribou County,ID,Idaho,16,029,00395406,06,4569241503,89209011,True,False
16031,Cassia,Cassia County,ID,Idaho,16,031,00395698,06,6644897862,39158549,True,False
16033,Clark,Clark County,ID,Idaho,16,033,00399755,06,4566524478,2476453,True,False
16035,Clearwater,Clearwater County,ID,Idaho,16,035,00395697,06,6364412855,79592497,True,False
16037,Custer,Custer County,ID,Idaho,16,037,00399758,06,12748378762,42527190,True,False
16039,Elmore,Elmore County,ID,Idaho,16,039,00400252,06,7964417385,68330393,True,False
16041,Franklin,Franklin County,ID,Idaho,16,041,00395585,06,1717211137,12151740,True,False
16043,Fremont,Fremont County,ID,Idaho,16,043,00395408,06,4827633112,83440654,True,False
16045,Gem,Gem County,ID,Idaho,16,045,00395442,06,1449806862,12481361,True,False
16047,Gooding,Gooding County,ID,Idaho,16,047,00395441,06,1888938104,12467164,True,False
16049,Idaho,Idaho County,ID,Idaho,16,049,00395699,06,21956620661,67532942,True,False
16051,Jefferson,Jefferson County,ID,Idaho,16,051,00399751,06,2832619464,31166193,True,False
16053,Jerome,Jerome County,ID,Idaho,16,053,00395662,06,1547635283,12902354,True,False
16055,Kootenai,Kootenai County,ID,Idaho,16,055,00395661,06,3205870033,184411362,True,False
16057,Latah,Latah County,ID,Idaho,16,057,00395613,06,2786483030,2369979,True,False
16059,Lemhi,Lemhi County,ID,Idaho,16,059,00399754,06,11819938748,14081449,True,False
16061,Lewis,Lewis County,ID,Idaho,16,061,00395622,06,1240141963,2340247,True,False
16063,Lincoln,Lincoln County,ID,Idaho,16,063,00395624,06,3111517510,11588561,True,False
16065,Madison,Madison County,ID,Idaho,16,065,00394803,06,1215396272,10500950,True,False
16067,Minidoka,Minidoka County,ID,Idaho,16,067,00394807,06,1961208115,13330815,True,False
16069,Nez Perce,Nez Perce County,ID,Idaho,16,069,00399394,06,2197139833,21252879,True,False
16071,Oneida,Oneida County,ID,Idaho,16,071,00399759,06,3105269249,3995240,True,False
16073,Owyhee,Owyhee County,ID,Idaho,16,073,00399760,06,19860555064,74132052,True,False
16075,Payette,Payette County,ID,Idaho,16,075,00394896,06,1053814731,8906669,True,False
16077,Power,Power County,ID,Idaho,16,077,00394951,06,3635892408,99205466,True,False
16079,Shoshone,Shoshone County,ID,Idaho,16,079,01702379,06,6830898582,13962457,True,False
16081,Teton,Teton County,ID,Idaho,16,081,00399297,06,1163139989,2868472,True,False
16083,Twin Falls,Twin Falls County,ID,Idaho,16,083,00399334,06,4977221528,18056256,True,False
16085,Valley,Valley County,ID,Idaho,16,085,00399756,06,9492617021,177110435,True,False
16087,Washington,Washington County,ID,Idaho,16,087,00399757,06,3762876947,53221420,True,False
17001,Adams,Adams County,IL,Illinois,17,001,00424202,06,2214827090,41753385,True,False
17003,Alexander,Alexander County,IL,Illinois,17,003,00424203,06,609667770,44639202,True,False
17005,Bond,Bond County,IL,Illinois,17,005,00424204,06,985066653,6462629,True,False
17007,Boone,Boone County,IL,Illinois,17,007,00424205,06,727137091,3338156,True,False
17009,Brown,Brown County,IL,Illinois,17,009,00424206,06,791828624,4144346,True,False
17011,Bureau,Bureau County,IL,Illinois,17,011,00424207,06,2250884555,11523912,True,False
17013,Calhoun,Calhoun County,IL,Illinois,17,013,00424208,06,657415185,77051402,True,False
17015,Carroll,Carroll County,IL,Illinois,17,015,00424209,06,1153597409,55881823,True,False
17017,Cass,Cass County,IL,Illinois,17,017,00424210,06,973198198,20569928,True,False
17019,Champaign,Champaign County,IL,Illinois,17,019,00424211,06,2579898008,6110542,True,False
17021,Christian,Christian County,IL,Illinois,17,021,00424212,06,1837552893,16227346,True,False
17023,Clark,Clark County,IL,Illinois,17,023,00424213,06,1298594814,8731439,True,False
17025,Clay,Clay County,IL,Illinois,17,025,00424214,06,1213023045,3064499,True,False
17027,Clinton,Clinton County,IL,Illinois,17,027,00424215,06,1227502153,75634262,True,False
17029,Coles,Coles County,IL,Illinois,17,029,00424216,06,1316418025,4650073,True,False
17031,Cook,Cook County,IL,Illinois,17,031,01784766,06,2447358069,1786339736,True,False
17033,Crawford,Crawford County,IL,Illinois,17,033,00424218,06,1149031270,5744817,True,False
17035,Cumberland,Cumberland County,IL,Illinois,17,035,00424219,06,895995630,2532358,True,False
17037,DeKalb,DeKalb County,IL,Illinois,17,037,00422190,06,1635155498,8560431,True,False
17039,De Witt,De Witt County,IL,Illinois,17,039,00426598,06,1029678313,19492326,True,False
17041,Douglas,Douglas County,IL,Illinois,17,041,00424222,06,1079117766,1441160,True,False
17043,DuPage,DuPage County,IL,Illinois,17,043,00422191,06,849236415,22006224,True,False
17045,Edgar,Edgar County,IL,Illinois,17,045,00424224,06,1614400671,1565052,True,False
17047,Edwards,Edwards County,IL,Illinois,17,047,00424225,06,576012469,781202,True,False
17049,Effingham,Effingham County,IL,Illinois,17,049,00424226,06,1240001925,3178181,True,False
17051,Fayette,Fayette County,IL,Illinois,17,051,00424227,06,1855600276,22898580,True,False
17053,Ford,Ford County,IL,Illinois,17,053,00424228,06,1257690139,1640595,True,False
17055,Franklin,Franklin County,IL,Illinois,17,055,00424229,06,1059137475,58368794,True,False
17057,Fulton,Fulton County,IL,Illinois,17,057,00424230,06,2242138203,43898933,True,False
17059,Gallatin,Gallatin County,IL,Illinois,17,059,00424231,06,836415230,13355417,True,False
17061,Greene,Greene County,IL,Illinois,17,061,00424232,06,1406736598,8423898,True,False
17063,Grundy,Grundy County,IL,Illinois,17,063,00424233,06,1082959771,32112492,True,False
17065,Hamilton,Hamilton County,IL,Illinois,17,065,00424234,06,1125745190,3158473,True,False
17067,Hancock,Hancock County,IL,Illinois,17,067,00424235,06,2055798710,53563365,True,False
17069,Hardin,Hardin County,IL,Illinois,17,069,00424236,06,459438162,10482693,True,False
17071,Henderson,Henderson County,IL,Illinois,17,071,00424237,06,981068776,42565933,True,False
17073,Henry,Henry County,IL,Illinois,17,073,00424238,06,2132042739,6481370,True,False
17075,Iroquois,Iroquois County,IL,Illinois,17,075,00424239,06,2894072162,4208707,True,False
17077,Jackson,Jackson County,IL,Illinois,17,077,00424240,06,1511448965,48302865,True,False
17079,Jasper,Jasper County,IL,Illinois,17,079,00424241,06,1281043466,9334674,True,False
17081,Jefferson,Jefferson County,IL,Illinois,17,081,00424242,06,1479496305,32544477,True,False
17083,Jersey,Jersey County,IL,Illinois,17,083,00424243,06,957144905,20332592,True,False
17085,Jo Daviess,Jo Daviess County,IL,Illinois,17,085,00424244,06,1556385363,45789931,True,False
17087,Johnson,Johnson County,IL,Illinois,17,087,00424245,06,890274791,12813242,True,False
17089,Kane,Kane County,IL,Illinois,17,089,00424246,06,1345139287,12480820,True,False
17091,Kankakee,Kankakee County,IL,Illinois,17,091,00424247,06,1752101320,12459008,True,False
17093,Kendall,Kendall County,IL,Illinois,17,093,00424248,06,829425891,5122499,True,False
17095,Knox,Knox County,IL,Illinois,17,095,00424249,06,1855351760,8914499,True,False
17097,Lake,Lake County,IL,Illinois,17,097,01784796,06,1149124986,2394833743,True,False
17099,LaSalle,LaSalle County,IL,Illinois,17,099,00422247,06,2939940625,33828203,True,False
17101,Lawrence,Lawrence County,IL,Illinois,17,101,00424252,06,963938120,5076511,True,False
17103,Lee,Lee County,IL,Illinois,17,103,00424253,06,1877142078,9779872,True,False
17105,Livingston,Livingston County,IL,Illinois,17,105,00424254,06,2702983876,5975815,True,False
17107,Logan,Logan County,IL,Illinois,17,107,00424255,06,1600748259,2262329,True,False
17109,McDonough,McDonough County,IL,Illinois,17,109,01784729,06,1526291866,2060301,True,False
17111,McHenry,McHenry County,IL,Illinois,17,111,01784815,06,1562806157,19855932,True,False
17113,McLean,McLean County,IL,Illinois,17,113,01784833,06,3064597294,7804856,True,False
17115,Macon,Macon County,IL,Illinois,17,115,00424256,06,1503613053,13477733,True,False
17117,Macoupin,Macoupin County,IL,Illinois,17,117,00424257,06,2235146415,12194715,True,False
17119,Madison,Madison County,IL,Illinois,17,119,00424258,06,1853192372,63157281,True,False
17121,Marion,Marion County,IL,Illinois,17,121,00424259,06,1482866786,9232943,True,False
17123,Marshall,Marshall County,IL,Illinois,17,123,00424260,06,1001865238,30343574,True,False
17125,Mason,Mason County,IL,Illinois,17,125,00424261,06,1396914845,62748509,True,False
17127,Massac,Massac County,IL,Illinois,17,127,01784730,06,614222111,12780838,True,False
17129,Menard,Menard County,IL,Illinois,17,129,00424266,06,814269348,2640418,True,False
17131,Mercer,Mercer County,IL,Illinois,17,131,01784750,06,1453604386,19411909,True,False
17133,Monroe,Monroe County,IL,Illinois,17,133,01784865,06,997924032,33756312,True,False
17135,Montgomery,Montgomery County,IL,Illinois,17,135,01784866,06,1822745305,15472187,True,False
17137,Morgan,Morgan County,IL,Illinois,17,137,00424270,06,1473595806,9053547,True,False
17139,Moultrie,Moultrie County,IL,Illinois,17,139,01784885,06,870127368,22111272,True,False
17141,Ogle,Ogle County,IL,Illinois,17,141,01784894,06,1964903749,12378958,True,False
17143,Peoria,Peoria County,IL,Illinois,17,143,01784920,06,1602412938,29919375,True,False
17145,Perry,Perry County,IL,Illinois,17,145,01784940,06,1144587288,13199036,True,False
17147,Piatt,Piatt County,IL,Illinois,17,147,00424275,06,1137492093,754122,True,False
17149,Pike,Pike County,IL,Illinois,17,149,01784941,06,2153190712,45251538,True,False
17151,Pope,Pope County,IL,Illinois,17,151,00424277,06,955362038,14662240,True,False
17153,Pulaski,Pulaski County,IL,Illinois,17,153,01784966,06,516105488,9763459,True,False
17155,Putnam,Putnam County,IL,Illinois,17,155,00424279,06,414649975,31194387,True,False
17157,Randolph,Randolph County,IL,Illinois,17,157,01784967,06,1490194102,56150220,True,False
17159,Richland,Richland County,IL,Illinois,17,159,00424281,06,932518180,4840675,True,False
17161,Rock Island,Rock Island County,IL,Illinois,17,161,00424282,06,1107212317,61631338,True,False
17163,St. Clair,St. Clair County,IL,Illinois,17,163,01784987,06,1703560308,41809674,True,False
17165,Saline,Saline County,IL,Illinois,17,165,00424283,06,984186255,17963038,True,False
17167,Sangamon,Sangamon County,IL,Illinois,17,167,01785010,06,2248704917,22747684,True,False
17169,Schuyler,Schuyler County,IL,Illinois,17,169,01785037,06,1132602766,10510632,True,False
17171,Scott,Scott County,IL,Illinois,17,171,00424286,06,649542040,4814547,True,False
17173,Shelby,Shelby County,IL,Illinois,17,173,01785051,06,1964526143,24749348,True,False
17175,Stark,Stark County,IL,Illinois,17,175,00424288,06,746189904,684784,True,False
17177,Stephenson,Stephenson County,IL,Illinois,17,177,01785076,06,1461392058,1350223,True,False
17179,Tazewell,Tazewell County,IL,Illinois,17,179,01785094,06,1674390616,29668273,True,False
17181,Union,Union County,IL,Illinois,17,181,01785113,06,1070733038,22538656,True,False
17183,Vermilion,Vermilion County,IL,Illinois,17,183,01785114,06,2326639022,7527081,True,False
17185,Wabash,Wabash County,IL,Illinois,17,185,00424293,06,578403989,10973571,True,False
17187,Warren,Warren County,IL,Illinois,17,187,01785134,06,1404705831,1735113,True,False
17189,Washington,Washington County,IL,Illinois,17,189,01785150,06,1457120178,3386079,True,False
17191,Wayne,Wayne County,IL,Illinois,17,191,00424296,06,1848817749,4217594,True,False
17193,White,White County,IL,Illinois,17,193,00424297,06,1281999215,17833681,True,False
17195,Whiteside,Whiteside County,IL,Illinois,17,195,01785167,06,1771808926,31883751,True,False
17197,Will,Will County,IL,Illinois,17,197,01785190,06,2164990677,34485763,True,False
17199,Williamson,Williamson County,IL,Illinois,17,199,01785215,06,1088353644,62455779,True,False
17201,Winnebago,Winnebago County,IL,Illinois,17,201,01785216,06,1328789495,15877063,True,False
17203,Woodford,Woodford County,IL,Illinois,17,203,01785231,06,1366366883,39858698,True,False
18001,Adams,Adams County,IN,Indiana,18,001,00450401,06,877812921,2693850,True,False
18003,Allen,Allen County,IN,Indiana,18,003,00450402,06,1702000559,7347953,True,False
18005,Bartholomew,Bartholomew County,IN,Indiana,18,005,00451683,06,1053968862,6715104,True,False
18007,Benton,Benton County,IN,Indiana,18,007,00450403,06,1052608712,236033,True,False
18009,Blackford,Blackford County,IN,Indiana,18,009,00450404,06,427559408,1298757,True,False
18011,Boone,Boone County,IN,Indiana,18,011,00450405,06,1095260011,876741,True,False
18013,Brown,Brown County,IN,Indiana,18,013,00451684,06,808075009,11994828,True,False
18015,Carroll,Carroll County,IN,Indiana,18,015,00450406,06,964057409,7236323,True,False
18017,Cass,Cass County,IN,Indiana,18,017,00450339,06,1067448392,7002034,True,False
18019,Clark,Clark County,IN,Indiana,18,019,00450340,06,964744991,10695690,True,False
18021,Clay,Clay County,IN,Indiana,18,021,00450341,06,926180647,7047383,True,False
18023,Clinton,Clinton County,IN,Indiana,18,023,00450342,06,1049119186,461117,True,False
18025,Crawford,Crawford County,IN,Indiana,18,025,00451674,06,791534793,8201106,True,False
18027,Daviess,Daviess County,IN,Indiana,18,027,00450343,06,1112436825,19061974,True,False
18029,Dearborn,Dearborn County,IN,Indiana,18,029,00450344,06,790171256,6019020,True,False
18031,Decatur,Decatur County,IN,Indiana,18,031,00450345,06,964946131,1955432,True,False
18033,DeKalb,DeKalb County,IN,Indiana,18,033,00450346,06,939735805,2657419,True,False
18035,Delaware,Delaware County,IN,Indiana,18,035,00450347,06,1015558816,9841207,True,False
18037,Dubois,Dubois County,IN,Indiana,18,037,00451675,06,1106616364,20892924,True,False
18039,Elkhart,Elkhart County,IN,Indiana,18,039,00450348,06,1199572614,12465421,True,False
18041,Fayette,Fayette County,IN,Indiana,18,041,00450349,06,556901575,366408,True,False
18043,Floyd,Floyd County,IN,Indiana,18,043,00450350,06,384577980,2669695,True,False
18045,Fountain,Fountain County,IN,Indiana,18,045,00450351,06,1024757106,5728587,True,False
18047,Franklin,Franklin County,IN,Indiana,18,047,00450352,06,995659492,17154637,True,False
18049,Fulton,Fulton County,IN,Indiana,18,049,00450353,06,954130544,7442130,True,False
18051,Gibson,Gibson County,IN,Indiana,18,051,00450354,06,1262302951,30891645,True,False
18053,Grant,Grant County,IN,Indiana,18,053,00450355,06,1072484434,2101803,True,False
18055,Greene,Greene County,IN,Indiana,18,055,00451676,06,1404988520,8915031,True,False
18057,Hamilton,Hamilton County,IN,Indiana,18,057,00450356,06,1021464665,20919490,True,False
18059,Hancock,Hancock County,IN,Indiana,18,059,00450357,06,792425236,2769690,True,False
18061,Harrison,Harrison County,IN,Indiana,18,061,00451677,06,1253763064,5276999,True,False
18063,Hendricks,Hendricks County,IN,Indiana,18,063,00450358,06,1053849484,4880745,True,False
18065,Henry,Henry County,IN,Indiana,18,065,00450359,06,1014957932,7652085,True,False
18067,Howard,Howard County,IN,Indiana,18,067,00450360,06,759058623,2194576,True,False
18069,Huntington,Huntington County,IN,Indiana,18,069,00450361,06,991031149,13127296,True,False
18071,Jackson,Jackson County,IN,Indiana,18,071,00451678,06,1320837989,10172528,True,False
18073,Jasper,Jasper County,IN,Indiana,18,073,00450494,06,1449563751,4428654,True,False
18075,Jay,Jay County,IN,Indiana,18,075,00450362,06,994310124,458556,True,False
18077,Jefferson,Jefferson County,IN,Indiana,18,077,00450363,06,934205472,5991420,True,False
18079,Jennings,Jennings County,IN,Indiana,18,079,00450364,06,975392021,4518578,True,False
18081,Johnson,Johnson County,IN,Indiana,18,081,00450365,06,829871088,3563561,True,False
18083,Knox,Knox County,IN,Indiana,18,083,00450366,06,1335995227,20908211,True,False
18085,Kosciusko,Kosciusko County,IN,Indiana,18,085,00450367,06,1376443874,59427459,True,False
18087,LaGrange,LaGrange County,IN,Indiana,18,087,00450368,06,983242845,18311996,True,False
18089,Lake,Lake County,IN,Indiana,18,089,00450495,06,1292104575,330842544,True,False
18091,LaPorte,LaPorte County,IN,Indiana,18,091,00450507,06,1549559361,38775326,True,False
18093,Lawrence,Lawrence County,IN,Indiana,18,093,00451703,06,1163282510,7207557,True,False
18095,Madison,Madison County,IN,Indiana,18,095,00450370,06,1170470120,2546828,True,False
18097,Marion,Marion County,IN,Indiana,18,097,00450371,06,1025624692,18162960,True,False
18099,Marshall,Marshall County,IN,Indiana,18,099,00450372,06,1148964732,15863826,True,False
18101,Martin,Martin County,IN,Indiana,18,101,00451679,06,869615719,12033245,True,False
18103,Miami,Miami County,IN,Indiana,18,103,00450373,06,968246957,9184623,True,False
18105,Monroe,Monroe County,IN,Indiana,18,105,00451680,06,1021809764,43507762,True,False
18107,Montgomery,Montgomery County,IN,Indiana,18,107,00450374,06,1306977643,2055936,True,False
18109,Morgan,Morgan County,IN,Indiana,18,109,00450375,06,1045939783,14475032,True,False
18111,Newton,Newton County,IN,Indiana,18,111,00450376,06,1040539822,4349506,True,False
18113,Noble,Noble County,IN,Indiana,18,113,00450377,06,1064077377,17068591,True,False
18115,Ohio,Ohio County,IN,Indiana,18,115,00450378,06,223126827,3369528,True,False
18117,Orange,Orange County,IN,Indiana,18,117,00451681,06,1031795758,25416478,True,False
18119,Owen,Owen County,IN,Indiana,18,119,00450379,06,997909059,6568942,True,False
18121,Parke,Parke County,IN,Indiana,18,121,00450380,06,1151832456,13645018,True,False
18123,Perry,Perry County,IN,Indiana,18,123,00451682,06,988702368,11837413,True,False
18125,Pike,Pike County,IN,Indiana,18,125,00450381,06,865964079,17466143,True,False
18127,Porter,Porter County,IN,Indiana,18,127,00450382,06,1082907704,268619697,True,False
18129,Posey,Posey County,IN,Indiana,18,129,00450383,06,1060302166,26505384,True,False
18131,Pulaski,Pulaski County,IN,Indiana,18,131,00446852,06,1123220656,2216959,True,False
18133,Putnam,Putnam County,IN,Indiana,18,133,00450384,06,1244583012,5588762,True,False
18135,Randolph,Randolph County,IN,Indiana,18,135,00446853,06,1171656766,2420288,True,False
18137,Ripley,Ripley County,IN,Indiana,18,137,00450385,06,1156253050,4221158,True,False
18139,Rush,Rush County,IN,Indiana,18,139,00446854,06,1057069249,838340,True,False
18141,St. Joseph,St. Joseph County,IN,Indiana,18,141,00452855,06,1185646697,9336372,True,False
18143,Scott,Scott County,IN,Indiana,18,143,00450386,06,493140265,6074951,True,False
18145,Shelby,Shelby County,IN,Indiana,18,145,00450387,06,1064838386,4195717,True,False
18147,Spencer,Spencer County,IN,Indiana,18,147,00450388,06,1027934785,11968675,True,False
18149,Starke,Starke County,IN,Indiana,18,149,00450389,06,800679821,7929143,True,False
18151,Steuben,Steuben County,IN,Indiana,18,151,00450390,06,799762192,35421788,True,False
18153,Sullivan,Sullivan County,IN,Indiana,18,153,00450391,06,1158231910,17922659,True,False
18155,Switzerland,Switzerland County,IN,Indiana,18,155,00450392,06,571526246,7531844,True,False
18157,Tippecanoe,Tippecanoe County,IN,Indiana,18,157,00450393,06,1292135550,11256387,True,False
18159,Tipton,Tipton County,IN,Indiana,18,159,00450394,06,674797600,68028,True,False
18161,Union,Union County,IN,Indiana,18,161,00450395,06,417483435,10323665,True,False
18163,Vanderburgh,Vanderburgh County,IN,Indiana,18,163,00450396,06,604507314,8954961,True,False
18165,Vermillion,Vermillion County,IN,Indiana,18,165,00450397,06,665353000,7817397,True,False
18167,Vigo,Vigo County,IN,Indiana,18,167,00450398,06,1045400268,17661310,True,False
18169,Wabash,Wabash County,IN,Indiana,18,169,00450399,06,1068471083,21851089,True,False
18171,Warren,Warren County,IN,Indiana,18,171,00450400,06,944531015,4442225,True,False
18173,Warrick,Warrick County,IN,Indiana,18,173,00450335,06,996186009,16631845,True,False
18175,Washington,Washington County,IN,Indiana,18,175,00451665,06,1330447126,7529046,True,False
18177,Wayne,Wayne County,IN,Indiana,18,177,00450336,06,1040539367,6701882,True,False
18179,Wells,Wells County,IN,Indiana,18,179,00450337,06,953341278,5596377,True,False
18181,White,White County,IN,Indiana,18,181,00450338,06,1308413377,9165592,True,False
18183,Whitley,Whitley County,IN,Indiana,18,183,00450369,06,869256022,6074674,True,False
19001,Adair,Adair County,IA,Iowa,19,001,00465190,06,1474404185,2597996,True,False
19003,Adams,Adams County,IA,Iowa,19,003,00465191,06,1096686252,5367876,True,False
19005,Allamakee,Allamakee County,IA,Iowa,19,005,00465192,06,1655186565,51091697,True,False
19007,Appanoose,Appanoose County,IA,Iowa,19,007,00465193,06,1287997906,49093607,True,False
19009,Audubon,Audubon County,IA,Iowa,19,009,00465194,06,1147262326,1152260,True,False
19011,Benton,Benton County,IA,Iowa,19,011,00465195,06,1854696268,5857896,True,False
19013,Black Hawk,Black Hawk County,IA,Iowa,19,013,00465196,06,1465346458,17885471,True,False
19015,Boone,Boone County,IA,Iowa,19,015,00465197,06,1477486979,8209418,True,False
19017,Bremer,Bremer County,IA,Iowa,19,017,00465198,06,1127885598,10166457,True,False
19019,Buchanan,Buchanan County,IA,Iowa,19,019,00465199,06,1479101364,5208356,True,False
19021,Buena Vista,Buena Vista County,IA,Iowa,19,021,00465200,06,1488981875,13798140,True,False
19023,Butler,Butler County,IA,Iowa,19,023,00465201,06,1502550828,4194983,True,False
19025,Calhoun,Calhoun County,IA,Iowa,19,025,00465202,06,1475894594,5873827,True,False
19027,Carroll,Carroll County,IA,Iowa,19,027,00465203,06,1474877204,2145349,True,False
19029,Cass,Cass County,IA,Iowa,19,029,00465204,06,1461422458,1787165,True,False
19031,Cedar,Cedar County,IA,Iowa,19,031,00465205,06,1500798699,6385833,True,False
19033,Cerro Gordo,Cerro Gordo County,IA,Iowa,19,033,00465206,06,1471896011,17653603,True,False
19035,Cherokee,Cherokee County,IA,Iowa,19,035,00465207,06,1494181140,423160,True,False
19037,Chickasaw,Chickasaw County,IA,Iowa,19,037,00465208,06,1306192621,3455450,True,False
19039,Clarke,Clarke County,IA,Iowa,19,039,00465209,06,1116573606,1524746,True,False
19041,Clay,Clay County,IA,Iowa,19,041,00465625,06,1469139450,13866670,True,False
19043,Clayton,Clayton County,IA,Iowa,19,043,00465210,06,2016211331,36692127,True,False
19045,Clinton,Clinton County,IA,Iowa,19,045,00465211,06,1799934699,39410955,True,False
19047,Crawford,Crawford County,IA,Iowa,19,047,00465212,06,1849765413,2171717,True,False
19049,Dallas,Dallas County,IA,Iowa,19,049,00465213,06,1523509790,8741826,True,False
19051,Davis,Davis County,IA,Iowa,19,051,00465214,06,1300661922,6904087,True,False
19053,Decatur,Decatur County,IA,Iowa,19,053,00465215,06,1377569413,4138626,True,False
19055,Delaware,Delaware County,IA,Iowa,19,055,00465216,06,1496196766,3181863,True,False
19057,Des Moines,Des Moines County,IA,Iowa,19,057,00465217,06,1077769234,35341938,True,False
19059,Dickinson,Dickinson County,IA,Iowa,19,059,00465218,06,985574301,60680641,True,False
19061,Dubuque,Dubuque County,IA,Iowa,19,061,00465219,06,1575486166,21140740,True,False
19063,Emmet,Emmet County,IA,Iowa,19,063,00465220,06,1025349319,17175565,True,False
19065,Fayette,Fayette County,IA,Iowa,19,065,00465221,06,1892806762,1354955,True,False
19067,Floyd,Floyd County,IA,Iowa,19,067,00465222,06,1296471922,2023929,True,False
19069,Franklin,Franklin County,IA,Iowa,19,069,00465223,06,1507300414,1438346,True,False
19071,Fremont,Fremont County,IA,Iowa,19,071,00465224,06,1323918212,14168938,True,False
19073,Greene,Greene County,IA,Iowa,19,073,00465225,06,1475148024,4404193,True,False
19075,Grundy,Grundy County,IA,Iowa,19,075,00465226,06,1299799696,92512,True,False
19077,Guthrie,Guthrie County,IA,Iowa,19,077,00465227,06,1529683433,6328832,True,False
19079,Hamilton,Hamilton County,IA,Iowa,19,079,00465228,06,1493725531,1956182,True,False
19081,Hancock,Hancock County,IA,Iowa,19,081,00465229,06,1478895051,5265568,True,False
19083,Hardin,Hardin County,IA,Iowa,19,083,00465230,06,1474498037,1783759,True,False
19085,Harrison,Harrison County,IA,Iowa,19,085,00465231,06,1804896264,12325505,True,False
19087,Henry,Henry County,IA,Iowa,19,087,00465232,06,1124800195,5774825,True,False
19089,Howard,Howard County,IA,Iowa,19,089,00465233,06,1225702822,931480,True,False
19091,Humboldt,Humboldt County,IA,Iowa,19,091,00465234,06,1125017986,3373409,True,False
19093,Ida,Ida County,IA,Iowa,19,093,00465235,06,1117614341,1391966,True,False
19095,Iowa,Iowa County,IA,Iowa,19,095,00465236,06,1518911682,2686847,True,False
19097,Jackson,Jackson County,IA,Iowa,19,097,00465237,06,1647354406,35119567,True,False
19099,Jasper,Jasper County,IA,Iowa,19,099,00465238,06,1891800876,6538381,True,False
19101,Jefferson,Jefferson County,IA,Iowa,19,101,00465239,06,1128002429,3522238,True,False
19103,Johnson,Johnson County,IA,Iowa,19,103,00465240,06,1587655790,26070847,True,False
19105,Jones,Jones County,IA,Iowa,19,105,00465241,06,1490844756,3782491,True,False
19107,Keokuk,Keokuk County,IA,Iowa,19,107,00465242,06,1500056810,1944064,True,False
19109,Kossuth,Kossuth County,IA,Iowa,19,109,00465243,06,2519371239,4116153,True,False
19111,Lee,Lee County,IA,Iowa,19,111,00465244,06,1340448555,55266763,True,False
19113,Linn,Linn County,IA,Iowa,19,113,00465245,06,1857054782,19828878,True,False
19115,Louisa,Louisa County,IA,Iowa,19,115,00465246,06,1040596807,40784321,True,False
19117,Lucas,Lucas County,IA,Iowa,19,117,00465247,06,1115458270,9852845,True,False
19119,Lyon,Lyon County,IA,Iowa,19,119,00465248,06,1521901256,440273,True,False
19121,Madison,Madison County,IA,Iowa,19,121,00465249,06,1452999065,2983840,True,False
19123,Mahaska,Mahaska County,IA,Iowa,19,123,00465250,06,1478496996,6594320,True,False
19125,Marion,Marion County,IA,Iowa,19,125,00465251,06,1436123090,41484609,True,False
19127,Marshall,Marshall County,IA,Iowa,19,127,00465252,06,1482776070,1803080,True,False
19129,Mills,Mills County,IA,Iowa,19,129,00465253,06,1132940495,8319851,True,False
19131,Mitchell,Mitchell County,IA,Iowa,19,131,00465254,06,1215368199,1118491,True,False
19133,Monona,Monona County,IA,Iowa,19,133,00465255,06,1797639078,12591063,True,False
19135,Monroe,Monroe County,IA,Iowa,19,135,00465256,06,1123299100,1522790,True,False
19137,Montgomery,Montgomery County,IA,Iowa,19,137,00465257,06,1098405770,2410446,True,False
19139,Muscatine,Muscatine County,IA,Iowa,19,139,00465258,06,1132964471,30262337,True,False
19141,O'Brien,O'Brien County,IA,Iowa,19,141,00465259,06,1484153962,447448,True,False
19143,Osceola,Osceola County,IA,Iowa,19,143,00465260,06,1032593803,1835263,True,False
19145,Page,Page County,IA,Iowa,19,145,00465261,06,1385497645,1359014,True,False
19147,Palo Alto,Palo Alto County,IA,Iowa,19,147,00465262,06,1460400550,14428727,True,False
19149,Plymouth,Plymouth County,IA,Iowa,19,149,00465263,06,2234715252,2176851,True,False
19151,Pocahontas,Pocahontas County,IA,Iowa,19,151,00465264,06,1495047203,3666528,True,False
19153,Polk,Polk County,IA,Iowa,19,153,00465265,06,1483337950,49645912,True,False
19155,Pottawattamie,Pottawattamie County,IA,Iowa,19,155,00465266,06,2463812990,20356854,True,False
19157,Poweshiek,Poweshiek County,IA,Iowa,19,157,00465267,06,1514965905,2939275,True,False
19159,Ringgold,Ringgold County,IA,Iowa,19,159,00465268,06,1386922817,8732661,True,False
19161,Sac,Sac County,IA,Iowa,19,161,00465269,06,1489300198,8569434,True,False
19163,Scott,Scott County,IA,Iowa,19,163,00465270,06,1186475545,26184354,True,False
19165,Shelby,Shelby County,IA,Iowa,19,165,00465271,06,1530103549,1486125,True,False
19167,Sioux,Sioux County,IA,Iowa,19,167,00465272,06,1988881471,2802041,True,False
19169,Story,Story County,IA,Iowa,19,169,00465273,06,1482884330,2860570,True,False
19171,Tama,Tama County,IA,Iowa,19,171,00465274,06,1867410624,2769418,True,False
19173,Taylor,Taylor County,IA,Iowa,19,173,00465275,06,1377618881,7133363,True,False
19175,Union,Union County,IA,Iowa,19,175,00465276,06,1097235798,5575854,True,False
19177,Van Buren,Van Buren County,IA,Iowa,19,177,00465277,06,1255605674,14880499,True,False
19179,Wapello,Wapello County,IA,Iowa,19,179,00465278,06,1118480955,10808728,True,False
19181,Warren,Warren County,IA,Iowa,19,181,00465279,06,1475407684,8645720,True,False
19183,Washington,Washington County,IA,Iowa,19,183,00465280,06,1473258539,5339036,True,False
19185,Wayne,Wayne County,IA,Iowa,19,185,00465281,06,1360957546,4272457,True,False
19187,Webster,Webster County,IA,Iowa,19,187,00465282,06,1853665899,7269394,True,False
19189,Winnebago,Winnebago County,IA,Iowa,19,189,00465283,06,1037261953,3182049,True,False
19191,Winneshiek,Winneshiek County,IA,Iowa,19,191,00465284,06,1786686752,745729,True,False
19193,Woodbury,Woodbury County,IA,Iowa,19,193,00465285,06,2260790947,12793661,True,False
19195,Worth,Worth County,IA,Iowa,19,195,00465286,06,1036314915,4709127,True,False
19197,Wright,Wright County,IA,Iowa,19,197,00465287,06,1503260264,4703964,True,False
20001,Allen,Allen County,KS,Kansas,20,001,00484970,06,1295764702,13021465,True,False
20003,Anderson,Anderson County,KS,Kansas,20,003,00484971,06,1501263987,10599676,True,False
20005,Atchison,Atchison County,KS,Kansas,20,005,00484972,06,1116736556,6851102,True,False
20007,Barber,Barber County,KS,Kansas,20,007,00484973,06,2937240771,5411508,True,False
20009,Barton,Barton County,KS,Kansas,20,009,00484974,06,2318705426,13926862,True,False
20011,Bourbon,Bourbon County,KS,Kansas,20,011,00484975,06,1645836648,9402853,True,False
20013,Brown,Brown County,KS,Kansas,20,013,00484976,06,1478550081,3196147,True,False
20015,Butler,Butler County,KS,Kansas,20,015,00484977,06,3702946851,43541352,True,False
20017,Chase,Chase County,KS,Kansas,20,017,00484978,06,2002198773,12091092,True,False
20019,Chautauqua,Chautauqua County,KS,Kansas,20,019,00484979,06,1654694133,15243776,True,False
20021,Cherokee,Cherokee County,KS,Kansas,20,021,00484980,06,1521791036,8951464,True,False
20023,Cheyenne,Cheyenne County,KS,Kansas,20,023,00484981,06,2641501919,2738021,True,False
20025,Clark,Clark County,KS,Kansas,20,025,00484982,06,2524300311,6603384,True,False
20027,Clay,Clay County,KS,Kansas,20,027,00484983,06,1671314414,26701336,True,False
20029,Cloud,Cloud County,KS,Kansas,20,029,00484984,06,1852726647,6859889,True,False
20031,Coffey,Coffey County,KS,Kansas,20,031,00484985,06,1623623909,70470788,True,False
20033,Comanche,Comanche County,KS,Kansas,20,033,00484986,06,2041681087,3604155,True,False
20035,Cowley,Cowley County,KS,Kansas,20,035,00484987,06,2915648175,17322934,True,False
20037,Crawford,Crawford County,KS,Kansas,20,037,00484988,06,1527499261,13573629,True,False
20039,Decatur,Decatur County,KS,Kansas,20,039,00484989,06,2314199314,1631670,True,False
20041,Dickinson,Dickinson County,KS,Kansas,20,041,00484990,06,2193895344,12632459,True,False
20043,Doniphan,Doniphan County,KS,Kansas,20,043,00484991,06,1019096765,12433103,True,False
20045,Douglas,Douglas County,KS,Kansas,20,045,00484992,06,1180426483,48876650,True,False
20047,Edwards,Edwards County,KS,Kansas,20,047,00484993,06,1610699241,206413,True,False
20049,Elk,Elk County,KS,Kansas,20,049,00484994,06,1668637026,16060833,True,False
20051,Ellis,Ellis County,KS,Kansas,20,051,00484995,06,2330818742,1140645,True,False
20053,Ellsworth,Ellsworth County,KS,Kansas,20,053,00484996,06,1853331059,19969761,True,False
20055,Finney,Finney County,KS,Kansas,20,055,00485326,06,3372157850,1716371,True,False
20057,Ford,Ford County,KS,Kansas,20,057,00484997,06,2844508244,2097356,True,False
20059,Franklin,Franklin County,KS,Kansas,20,059,00484998,06,1480882209,13893465,True,False
20061,Geary,Geary County,KS,Kansas,20,061,00484999,06,996244647,51656412,True,False
20063,Gove,Gove County,KS,Kansas,20,063,00485000,06,2775601941,245369,True,False
20065,Graham,Graham County,KS,Kansas,20,065,00481811,06,2327173853,599356,True,False
20067,Grant,Grant County,KS,Kansas,20,067,00485099,06,1488745956,871232,True,False
20069,Gray,Gray County,KS,Kansas,20,069,00485001,06,2250356170,1113338,True,False
20071,Greeley,Greeley County,KS,Kansas,20,071,00485002,06,2016057912,0,True,False
20073,Greenwood,Greenwood County,KS,Kansas,20,073,00485003,06,2961143635,24145021,True,False
20075,Hamilton,Hamilton County,KS,Kansas,20,075,00485327,06,2580958335,2893322,True,False
20077,Harper,Harper County,KS,Kansas,20,077,00485004,06,2075290350,3899269,True,False
20079,Harvey,Harvey County,KS,Kansas,20,079,00485005,06,1397962400,2503283,True,False
20081,Haskell,Haskell County,KS,Kansas,20,081,00485328,06,1495772622,910409,True,False
20083,Hodgeman,Hodgeman County,KS,Kansas,20,083,00485006,06,2227369157,826344,True,False
20085,Jackson,Jackson County,KS,Kansas,20,085,00485007,06,1699600349,4666513,True,False
20087,Jefferson,Jefferson County,KS,Kansas,20,087,00485008,06,1379494410,62293257,True,False
20089,Jewell,Jewell County,KS,Kansas,20,089,00485009,06,2356813569,11367164,True,False
20091,Johnson,Johnson County,KS,Kansas,20,091,00485010,06,1226693774,16304948,True,False
20093,Kearny,Kearny County,KS,Kansas,20,093,00485011,06,2254696663,1133601,True,False
20095,Kingman,Kingman County,KS,Kansas,20,095,00485012,06,2236245114,8391920,True,False
20097,Kiowa,Kiowa County,KS,Kansas,20,097,00485013,06,1871627807,596764,True,False
20099,Labette,Labette County,KS,Kansas,20,099,00485014,06,1671559663,20007244,True,False
20101,Lane,Lane County,KS,Kansas,20,101,00485015,06,1858080224,551220,True,False
20103,Leavenworth,Leavenworth County,KS,Kansas,20,103,00485016,06,1200222663,14334294,True,False
20105,Lincoln,Lincoln County,KS,Kansas,20,105,00485017,06,1863236810,2748359,True,False
20107,Linn,Linn County,KS,Kansas,20,107,00485018,06,1538662706,31893232,True,False
20109,Logan,Logan County,KS,Kansas,20,109,00485019,06,2779039724,274632,True,False
20111,Lyon,Lyon County,KS,Kansas,20,111,00485020,06,2194956547,20563504,True,False
20113,McPherson,McPherson County,KS,Kansas,20,113,00485021,06,2326547449,6003328,True,False
20115,Marion,Marion County,KS,Kansas,20,115,00485022,06,2445722717,24432823,True,False
20117,Marshall,Marshall County,KS,Kansas,20,117,00485023,06,2331450552,12735557,True,False
20119,Meade,Meade County,KS,Kansas,20,119,00485024,06,2533222403,3258258,True,False
20121,Miami,Miami County,KS,Kansas,20,121,00485025,06,1491523011,37231299,True,False
20123,Mitchell,Mitchell County,KS,Kansas,20,123,00485026,06,1817632933,44979981,True,False
20125,Montgomery,Montgomery County,KS,Kansas,20,125,00485027,06,1666900089,20430011,True,False
20127,Morris,Morris County,KS,Kansas,20,127,00485028,06,1800929247,19545268,True,False
20129,Morton,Morton County,KS,Kansas,20,129,00485135,06,1889993628,507796,True,False
20131,Nemaha,Nemaha County,KS,Kansas,20,131,00485029,06,1858128451,5204921,True,False
20133,Neosho,Neosho County,KS,Kansas,20,133,00485030,06,1480129691,16350961,True,False
20135,Ness,Ness County,KS,Kansas,20,135,00485031,06,2783562237,667491,True,False
20137,Norton,Norton County,KS,Kansas,20,137,00485032,06,2274122715,8421464,True,False
20139,Osage,Osage County,KS,Kansas,20,139,00485033,06,1827253336,37137002,True,False
20141,Osborne,Osborne County,KS,Kansas,20,141,00485034,06,2311604910,4806274,True,False
20143,Ottawa,Ottawa County,KS,Kansas,20,143,00485035,06,1866683177,1567629,True,False
20145,Pawnee,Pawnee County,KS,Kansas,20,145,00485036,06,1953531639,992041,True,False
20147,Phillips,Phillips County,KS,Kansas,20,147,00485037,06,2294395646,22493383,True,False
20149,Pottawatomie,Pottawatomie County,KS,Kansas,20,149,00485038,06,2177494706,54148191,True,False
20151,Pratt,Pratt County,KS,Kansas,20,151,00485039,06,1903740938,1771939,True,False
20153,Rawlins,Rawlins County,KS,Kansas,20,153,00485040,06,2769775704,415527,True,False
20155,Reno,Reno County,KS,Kansas,20,155,00485041,06,3251230773,43517491,True,False
20157,Republic,Republic County,KS,Kansas,20,157,00485042,06,1857998448,7951910,True,False
20159,Rice,Rice County,KS,Kansas,20,159,00485043,06,1880940797,4477982,True,False
20161,Riley,Riley County,KS,Kansas,20,161,00485044,06,1579010810,32092080,True,False
20163,Rooks,Rooks County,KS,Kansas,20,163,00485045,06,2306454199,11962259,True,False
20165,Rush,Rush County,KS,Kansas,20,165,00485358,06,1858997550,544720,True,False
20167,Russell,Russell County,KS,Kansas,20,167,00485046,06,2295402851,34126776,True,False
20169,Saline,Saline County,KS,Kansas,20,169,00485047,06,1865419242,2760902,True,False
20171,Scott,Scott County,KS,Kansas,20,171,00485048,06,1858536840,306079,True,False
20173,Sedgwick,Sedgwick County,KS,Kansas,20,173,00485049,06,2582221896,31388803,True,False
20175,Seward,Seward County,KS,Kansas,20,175,00485050,06,1656693263,1961444,True,False
20177,Shawnee,Shawnee County,KS,Kansas,20,177,00485051,06,1408983519,30350116,True,False
20179,Sheridan,Sheridan County,KS,Kansas,20,179,00485052,06,2320518305,647342,True,False
20181,Sherman,Sherman County,KS,Kansas,20,181,00485053,06,2735192871,548248,True,False
20183,Smith,Smith County,KS,Kansas,20,183,00484969,06,2319241779,3884267,True,False
20185,Stafford,Stafford County,KS,Kansas,20,185,00485054,06,2051389756,7435417,True,False
20187,Stanton,Stanton County,KS,Kansas,20,187,00485055,06,1762103386,178555,True,False
20189,Stevens,Stevens County,KS,Kansas,20,189,00485056,06,1884030839,28020,True,False
20191,Sumner,Sumner County,KS,Kansas,20,191,00481812,06,3060505663,8512878,True,False
20193,Thomas,Thomas County,KS,Kansas,20,193,00485057,06,2783425506,288241,True,False
20195,Trego,Trego County,KS,Kansas,20,195,00485058,06,2303727354,26281951,True,False
20197,Wabaunsee,Wabaunsee County,KS,Kansas,20,197,00485059,06,2057320869,13845234,True,False
20199,Wallace,Wallace County,KS,Kansas,20,199,00485060,06,2366348285,140936,True,False
20201,Washington,Washington County,KS,Kansas,20,201,00485061,06,2317414338,10139473,True,False
20203,Wichita,Wichita County,KS,Kansas,20,203,00485062,06,1861078198,61987,True,False
20205,Wilson,Wilson County,KS,Kansas,20,205,00485063,06,1477388027,12046473,True,False
20207,Woodson,Woodson County,KS,Kansas,20,207,00485064,06,1289344336,19254559,True,False
20209,Wyandotte,Wyandotte County,KS,Kansas,20,209,00485065,06,392739386,11801597,True,False
21001,Adair,Adair County,KY,Kentucky,21,001,00516847,06,1049702547,18391917,True,False
21003,Allen,Allen County,KY,Kentucky,21,003,00516848,06,890240991,21079866,True,False
21005,Anderson,Anderson County,KY,Kentucky,21,005,00516849,06,523850042,5244533,True,False
21007,Ballard,Ballard County,KY,Kentucky,21,007,00516850,06,639972655,69636340,True,False
21009,Barren,Barren County,KY,Kentucky,21,009,00516851,06,1262269999,32723250,True,False
21011,Bath,Bath County,KY,Kentucky,21,011,00516852,06,719997080,15570646,True,False
21013,Bell,Bell County,KY,Kentucky,21,013,00516853,06,929803431,5484276,True,False
21015,Boone,Boone County,KY,Kentucky,21,015,00516854,06,637844400,26499419,True,False
21017,Bourbon,Bourbon County,KY,Kentucky,21,017,00516855,06,750448658,4820688,True,False
21019,Boyd,Boyd County,KY,Kentucky,21,019,00516856,06,414051772,5571590,True,False
21021,Boyle,Boyle County,KY,Kentucky,21,021,00516857,06,467067883,6486676,True,False
21023,Bracken,Bracken County,KY,Kentucky,21,023,00516858,06,524900458,16279751,True,False
21025,Breathitt,Breathitt County,KY,Kentucky,21,025,00516859,06,1275367043,7370267,True,False
21027,Breckinridge,Breckinridge County,KY,Kentucky,21,027,00516860,06,1475580266,41098834,True,False
21029,Bullitt,Bullitt County,KY,Kentucky,21,029,00516861,06,769455529,8226035,True,False
21031,Butler,Butler County,KY,Kentucky,21,031,00516862,06,1103624033,13891042,True,False
21033,Caldwell,Caldwell County,KY,Kentucky,21,033,00516863,06,893117876,8584485,True,False
21035,Calloway,Calloway County,KY,Kentucky,21,035,00516864,06,996790181,66908708,True,False
21037,Campbell,Campbell County,KY,Kentucky,21,037,00516865,06,391916805,20943965,True,False
21039,Carlisle,Carlisle County,KY,Kentucky,21,039,00516866,06,490706561,24648733,True,False
21041,Carroll,Carroll County,KY,Kentucky,21,041,00516867,06,333331350,22186044,True,False
21043,Carter,Carter County,KY,Kentucky,21,043,00516868,06,1060593553,6782466,True,False
21045,Casey,Casey County,KY,Kentucky,21,045,00516869,06,1150621984,3842017,True,False
21047,Christian,Christian County,KY,Kentucky,21,047,00516870,06,1859076770,16184736,True,False
21049,Clark,Clark County,KY,Kentucky,21,049,00516871,06,653924828,6943411,True,False
21051,Clay,Clay County,KY,Kentucky,21,051,00516872,06,1215470278,4754889,True,False
21053,Clinton,Clinton County,KY,Kentucky,21,053,00516873,06,510391739,21636754,True,False
21055,Crittenden,Crittenden County,KY,Kentucky,21,055,00516874,06,931272390,30377986,True,False
21057,Cumberland,Cumberland County,KY,Kentucky,21,057,00516875,06,790326358,14920717,True,False
21059,Daviess,Daviess County,KY,Kentucky,21,059,00516876,06,1187244308,46809288,True,False
21061,Edmonson,Edmonson County,KY,Kentucky,21,061,00516877,06,784263758,13462746,True,False
21063,Elliott,Elliott County,KY,Kentucky,21,063,00516878,06,606888298,2595857,True,False
21065,Estill,Estill County,KY,Kentucky,21,065,00516879,06,655477008,6549172,True,False
21067,Fayette,Fayette County,KY,Kentucky,21,067,00516880,06,735179657,4436384,True,False
21069,Fleming,Fleming County,KY,Kentucky,21,069,00516881,06,903057248,6844691,True,False
21071,Floyd,Floyd County,KY,Kentucky,21,071,00516882,06,1018645948,6225826,True,False
21073,Franklin,Franklin County,KY,Kentucky,21,073,00516883,06,538490301,10608228,True,False
21075,Fulton,Fulton County,KY,Kentucky,21,075,00516884,06,533361446,64081847,True,False
21077,Gallatin,Gallatin County,KY,Kentucky,21,077,00516885,06,254548114,16451904,True,False
21079,Garrard,Garrard County,KY,Kentucky,21,079,00516886,06,595502287,10414786,True,False
21081,Grant,Grant County,KY,Kentucky,21,081,00516887,06,668154706,7246425,True,False
21083,Graves,Graves County,KY,Kentucky,21,083,00516888,06,1429043468,13029522,True,False
21085,Grayson,Grayson County,KY,Kentucky,21,085,00516889,06,1293793032,29766717,True,False
21087,Green,Green County,KY,Kentucky,21,087,00516890,06,740640300,7328706,True,False
21089,Greenup,Greenup County,KY,Kentucky,21,089,00516891,06,892134450,25863972,True,False
21091,Hancock,Hancock County,KY,Kentucky,21,091,00516892,06,486076267,29131626,True,False
21093,Hardin,Hardin County,KY,Kentucky,21,093,00516893,06,1615916598,16098796,True,False
21095,Harlan,Harlan County,KY,Kentucky,21,095,00516894,06,1206493474,6014134,True,False
21097,Harrison,Harrison County,KY,Kentucky,21,097,00516895,06,793722850,8855704,True,False
21099,Hart,Hart County,KY,Kentucky,21,099,00516896,06,1068809185,13410821,True,False
21101,Henderson,Henderson County,KY,Kentucky,21,101,00516897,06,1130170443,75605397,True,False
21103,Henry,Henry County,KY,Kentucky,21,103,00516898,06,741386891,12616183,True,False
21105,Hickman,Hickman County,KY,Kentucky,21,105,00516899,06,627634138,27735813,True,False
21107,Hopkins,Hopkins County,KY,Kentucky,21,107,00516900,06,1404616084,31313308,True,False
21109,Jackson,Jackson County,KY,Kentucky,21,109,00516901,06,894134829,3328475,True,False
21111,Jefferson,Jefferson County,KY,Kentucky,21,111,00516902,06,986370161,43411288,True,False
21113,Jessamine,Jessamine County,KY,Kentucky,21,113,00516903,06,445770304,6118343,True,False
21115,Johnson,Johnson County,KY,Kentucky,21,115,00516904,06,678488580,5619568,True,False
21117,Kenton,Kenton County,KY,Kentucky,21,117,00516905,06,415369038,10186921,True,False
21119,Knott,Knott County,KY,Kentucky,21,119,00516906,06,910442831,3438036,True,False
21121,Knox,Knox County,KY,Kentucky,21,121,00516907,06,1000591256,3676007,True,False
21123,Larue,Larue County,KY,Kentucky,21,123,00516908,06,676156383,6655794,True,False
21125,Laurel,Laurel County,KY,Kentucky,21,125,00516909,06,1123288308,25871310,True,False
21127,Lawrence,Lawrence County,KY,Kentucky,21,127,00516910,06,1076393644,11576697,True,False
21129,Lee,Lee County,KY,Kentucky,21,129,00516911,06,540843065,6309608,True,False
21131,Leslie,Leslie County,KY,Kentucky,21,131,00516912,06,1038270183,9125308,True,False
21133,Letcher,Letcher County,KY,Kentucky,21,133,00516913,06,875245159,2846758,True,False
21135,Lewis,Lewis County,KY,Kentucky,21,135,00516914,06,1250595455,31872267,True,False
21137,Lincoln,Lincoln County,KY,Kentucky,21,137,00516915,06,862217028,9035755,True,False
21139,Livingston,Livingston County,KY,Kentucky,21,139,00516916,06,810564949,75611589,True,False
21141,Logan,Logan County,KY,Kentucky,21,141,00516917,06,1430248435,12454764,True,False
21143,Lyon,Lyon County,KY,Kentucky,21,143,00516918,06,553700578,110705475,True,False
21145,McCracken,McCracken County,KY,Kentucky,21,145,00516925,06,644378810,49575606,True,False
21147,McCreary,McCreary County,KY,Kentucky,21,147,00516926,06,1105170769,10976666,True,False
21149,McLean,McLean County,KY,Kentucky,21,149,00516927,06,654037068,9610577,True,False
21151,Madison,Madison County,KY,Kentucky,21,151,00516919,06,1134258368,13771489,True,False
21153,Magoffin,Magoffin County,KY,Kentucky,21,153,00516920,06,798864850,1848998,True,False
21155,Marion,Marion County,KY,Kentucky,21,155,00516921,06,889793043,8563275,True,False
21157,Marshall,Marshall County,KY,Kentucky,21,157,00516922,06,782502720,98534943,True,False
21159,Martin,Martin County,KY,Kentucky,21,159,00516923,06,594775704,2561300,True,False
21161,Mason,Mason County,KY,Kentucky,21,161,00516924,06,621926399,16274513,True,False
21163,Meade,Meade County,KY,Kentucky,21,163,00516928,06,791150771,49053955,True,False
21165,Menifee,Menifee County,KY,Kentucky,21,165,00516929,06,527162213,6205679,True,False
21167,Mercer,Mercer County,KY,Kentucky,21,167,00516930,06,645898188,10166125,True,False
21169,Metcalfe,Metcalfe County,KY,Kentucky,21,169,00516931,06,750193212,3985177,True,False
21171,Monroe,Monroe County,KY,Kentucky,21,171,00516932,06,853335722,6686907,True,False
21173,Montgomery,Montgomery County,KY,Kentucky,21,173,00516933,06,511204132,3784712,True,False
21175,Morgan,Morgan County,KY,Kentucky,21,175,00516934,06,987053730,6950463,True,False
21177,Muhlenberg,Muhlenberg County,KY,Kentucky,21,177,00516935,06,1210250947,31389059,True,False
21179,Nelson,Nelson County,KY,Kentucky,21,179,00516936,06,1084391553,13960878,True,False
21181,Nicholas,Nicholas County,KY,Kentucky,21,181,00516937,06,505839859,3936676,True,False
21183,Ohio,Ohio County,KY,Kentucky,21,183,00516938,06,1520571202,23650881,True,False
21185,Oldham,Oldham County,KY,Kentucky,21,185,00516939,06,485089205,23440362,True,False
21187,Owen,Owen County,KY,Kentucky,21,187,00516940,06,907758019,9735471,True,False
21189,Owsley,Owsley County,KY,Kentucky,21,189,00516941,06,511268800,2299985,True,False
21191,Pendleton,Pendleton County,KY,Kentucky,21,191,00516942,06,717810240,12332855,True,False
21193,Perry,Perry County,KY,Kentucky,21,193,00516943,06,879880327,7473921,True,False
21195,Pike,Pike County,KY,Kentucky,21,195,00516944,06,2036305638,6073018,True,False
21197,Powell,Powell County,KY,Kentucky,21,197,00516945,06,463508964,3003167,True,False
21199,Pulaski,Pulaski County,KY,Kentucky,21,199,00516946,06,1704486069,49335155,True,False
21201,Robertson,Robertson County,KY,Kentucky,21,201,00516947,06,257938638,1333016,True,False
21203,Rockcastle,Rockcastle County,KY,Kentucky,21,203,00516948,06,819904083,3961379,True,False
21205,Rowan,Rowan County,KY,Kentucky,21,205,00516949,06,724888660,16537402,True,False
21207,Russell,Russell County,KY,Kentucky,21,207,00516950,06,655941462,76703032,True,False
21209,Scott,Scott County,KY,Kentucky,21,209,00516951,06,730879909,8341693,True,False
21211,Shelby,Shelby County,KY,Kentucky,21,211,00516952,06,983664383,15198639,True,False
21213,Simpson,Simpson County,KY,Kentucky,21,213,00516953,06,606536671,5905515,True,False
21215,Spencer,Spencer County,KY,Kentucky,21,215,00516954,06,483475401,12915177,True,False
21217,Taylor,Taylor County,KY,Kentucky,21,217,00516955,06,690018323,26944696,True,False
21219,Todd,Todd County,KY,Kentucky,21,219,00516956,06,969997988,6572791,True,False
21221,Trigg,Trigg County,KY,Kentucky,21,221,00516957,06,1143305435,103336732,True,False
21223,Trimble,Trimble County,KY,Kentucky,21,223,00516958,06,382724388,21257028,True,False
21225,Union,Union County,KY,Kentucky,21,225,00516959,06,888050072,52667331,True,False
21227,Warren,Warren County,KY,Kentucky,21,227,00516960,06,1403110074,15074949,True,False
21229,Washington,Washington County,KY,Kentucky,21,229,00516961,06,769968120,10133566,True,False
21231,Wayne,Wayne County,KY,Kentucky,21,231,00516962,06,1186326542,67647953,True,False
21233,Webster,Webster County,KY,Kentucky,21,233,00516963,06,859945923,9397393,True,False
21235,Whitley,Whitley County,KY,Kentucky,21,235,00516964,06,1134210833,18640395,True,False
21237,Wolfe,Wolfe County,KY,Kentucky,21,237,00516965,06,575390049,1534248,True,False
21239,Woodford,Woodford County,KY,Kentucky,21,239,00516966,06,490993055,6380990,True,False
22001,Acadia,Acadia Parish,LA,Louisiana,22,001,00558389,15,1697073812,5934788,True,False
22003,Allen,Allen Parish,LA,Louisiana,22,003,00558397,15,1973790915,10455560,True,False
22005,Ascension,Ascension Parish,LA,Louisiana,22,005,00558403,15,751104017,32882679,True,False
22007,Assumption,Assumption Parish,LA,Louisiana,22,007,00558414,15,891003472,67111377,True,False
22009,Avoyelles,Avoyelles Parish,LA,Louisiana,22,009,00558424,15,2153219966,88761321,True,False
22011,Beauregard,Beauregard Parish,LA,Louisiana,22,011,00558436,15,2997854115,21942931,True,False
22013,Bienville,Bienville Parish,LA,Louisiana,22,013,00558445,15,2101328094,28015283,True,False
22015,Bossier,Bossier Parish,LA,Louisiana,22,015,00558453,15,2174607055,70690676,True,False
22017,Caddo,Caddo Parish,LA,Louisiana,22,017,00558458,15,2277984211,148927901,True,False
22019,Calcasieu,Calcasieu Parish,LA,Louisiana,22,019,00558468,15,2756236675,77635805,True,False
22021,Caldwell,Caldwell Parish,LA,Louisiana,22,021,00558477,15,1372098437,29104196,True,False
22023,Cameron,Cameron Parish,LA,Louisiana,22,023,00558488,15,3327198789,1688891186,True,False
22025,Catahoula,Catahoula Parish,LA,Louisiana,22,025,00558495,15,1836953697,78178418,True,False
22027,Claiborne,Claiborne Parish,LA,Louisiana,22,027,00558505,15,1954908518,32473223,True,False
22029,Concordia,Concordia Parish,LA,Louisiana,22,029,00558515,15,1801869541,133813661,True,False
22031,De Soto,De Soto Parish,LA,Louisiana,22,031,00558521,15,2269995451,46986389,True,False
22033,East Baton Rouge,East Baton Rouge Parish,LA,Louisiana,22,033,00558530,15,1179721416,38467136,True,False
22035,East Carroll,East Carroll Parish,LA,Louisiana,22,035,00558534,15,1090984474,55519699,True,False
22037,East Feliciana,East Feliciana Parish,LA,Louisiana,22,037,00558542,15,1174022929,6150607,True,False
22039,Evangeline,Evangeline Parish,LA,Louisiana,22,039,00558551,15,1715688314,44661244,True,False
22041,Franklin,Franklin Parish,LA,Louisiana,22,041,00558557,15,1616925547,28050179,True,False
22043,Grant,Grant Parish,LA,Louisiana,22,043,00558567,15,1667305572,54548379,True,False
22045,Iberia,Iberia Parish,LA,Louisiana,22,045,00558576,15,1488569316,1205961184,True,False
22047,Iberville,Iberville Parish,LA,Louisiana,22,047,00558582,15,1598734777,92400695,True,False
22049,Jackson,Jackson Parish,LA,Louisiana,22,049,00558592,15,1475399185,27929700,True,False
22051,Jefferson,Jefferson Parish,LA,Louisiana,22,051,00558027,15,779233474,883630957,True,False
22053,Jefferson Davis,Jefferson Davis Parish,LA,Louisiana,22,053,00558039,15,1687430142,18666917,True,False
22055,Lafayette,Lafayette Parish,LA,Louisiana,22,055,00558059,15,696273651,1133087,True,False
22057,Lafourche,Lafourche Parish,LA,Louisiana,22,057,00558065,15,2770498912,1032715970,True,False
22059,LaSalle,LaSalle Parish,LA,Louisiana,22,059,00558049,15,1618363239,97655624,True,False
22061,Lincoln,Lincoln Parish,LA,Louisiana,22,061,00558077,15,1221532395,1897706,True,False
22063,Livingston,Livingston Parish,LA,Louisiana,22,063,00558083,15,1678675963,112152143,True,False
22065,Madison,Madison Parish,LA,Louisiana,22,065,00558088,15,1615854946,68460376,True,False
22067,Morehouse,Morehouse Parish,LA,Louisiana,22,067,00558097,15,2058910720,28888045,True,False
22069,Natchitoches,Natchitoches Parish,LA,Louisiana,22,069,00558108,15,3245276854,120549024,True,False
22071,Orleans,Orleans Parish,LA,Louisiana,22,071,00558113,15,439205384,466898940,True,False
22073,Ouachita,Ouachita Parish,LA,Louisiana,22,073,00558114,15,1580268245,55857421,True,False
22075,Plaquemines,Plaquemines Parish,LA,Louisiana,22,075,00558125,15,2021731566,4627380282,True,False
22077,Pointe Coupee,Pointe Coupee Parish,LA,Louisiana,22,077,00559449,15,1438726036,90290883,True,False
22079,Rapides,Rapides Parish,LA,Louisiana,22,079,00559460,15,3429351470,96970265,True,False
22081,Red River,Red River Parish,LA,Louisiana,22,081,00559472,15,1007453088,34259705,True,False
22083,Richland,Richland Parish,LA,Louisiana,22,083,00559481,15,1439031396,22771218,True,False
22085,Sabine,Sabine Parish,LA,Louisiana,22,085,00559489,15,2244564119,375297082,True,False
22087,St. Bernard,St. Bernard Parish,LA,Louisiana,22,087,01629542,15,977793085,4604160977,True,False
22089,St. Charles,St. Charles Parish,LA,Louisiana,22,089,01629449,15,719347896,308635082,True,False
22091,St. Helena,St. Helena Parish,LA,Louisiana,22,091,01629457,15,1058078906,2796358,True,False
22093,St. James,St. James Parish,LA,Louisiana,22,093,01629464,15,616057911,38773983,True,False
22095,St. John the Baptist,St. John the Baptist Parish,LA,Louisiana,22,095,01629472,15,555484724,506440075,True,False
22097,St. Landry,St. Landry Parish,LA,Louisiana,22,097,01629479,15,2391536701,40700812,True,False
22099,St. Martin,St. Martin Parish,LA,Louisiana,22,099,01629486,15,1910243676,205089900,True,False
22101,St. Mary,St. Mary Parish,LA,Louisiana,22,101,01629492,15,1446581822,1453489233,True,False
22103,St. Tammany,St. Tammany Parish,LA,Louisiana,22,103,01629503,15,2189336604,648310301,True,False
22105,Tangipahoa,Tangipahoa Parish,LA,Louisiana,22,105,00559500,15,2049146774,136668419,True,False
22107,Tensas,Tensas Parish,LA,Louisiana,22,107,00559509,15,1562545688,99432220,True,False
22109,Terrebonne,Terrebonne Parish,LA,Louisiana,22,109,00559517,15,3185387995,2207596953,True,False
22111,Union,Union Parish,LA,Louisiana,22,111,00559528,15,2271194917,73614581,True,False
22113,Vermilion,Vermilion Parish,LA,Louisiana,22,113,00559538,15,3035623041,932156061,True,False
22115,Vernon,Vernon Parish,LA,Louisiana,22,115,00559548,15,3436209073,35117465,True,False
22117,Washington,Washington Parish,LA,Louisiana,22,117,00559557,15,1734352074,16140411,True,False
22119,Webster,Webster Parish,LA,Louisiana,22,119,00559567,15,1536688185,55947134,True,False
22121,West Baton Rouge,West Baton Rouge Parish,LA,Louisiana,22,121,00559570,15,498174686,29604698,True,False
22123,West Carroll,West Carroll Parish,LA,Louisiana,22,123,00559578,15,931582171,2386489,True,False
22125,West Feliciana,West Feliciana Parish,LA,Louisiana,22,125,00559584,15,1044331367,59004828,True,False
22127,Winn,Winn Parish,LA,Louisiana,22,127,00559594,15,2460497670,17449604,True,False
23001,Androscoggin,Androscoggin County,ME,Maine,23,001,00581286,06,1212001626,75535494,True,False
23003,Aroostook,Aroostook County,ME,Maine,23,003,00581287,06,17278380231,404860899,True,False
23005,Cumberland,Cumberland County,ME,Maine,23,005,00581288,06,2165829179,987382750,True,False
23007,Franklin,Franklin County,ME,Maine,23,007,00581289,06,4395228224,121283104,True,False
23009,Hancock,Hancock County,ME,Maine,23,009,00581290,06,4110783582,1962555507,True,False
23011,Kennebec,Kennebec County,ME,Maine,23,011,00581291,06,2246831970,216698656,True,False
23013,Knox,Knox County,ME,Maine,23,013,00581292,06,945092552,1987486329,True,False
23015,Lincoln,Lincoln County,ME,Maine,23,015,00581293,06,1180688989,631299424,True,False
23017,Oxford,Oxford County,ME,Maine,23,017,00581294,06,5379296165,255883190,True,False
23019,Penobscot,Penobscot County,ME,Maine,23,019,00581295,06,8798667188,414015631,True,False
23021,Piscataquis,Piscataquis County,ME,Maine,23,021,00581296,06,10258545851,1080517301,True,False
23023,Sagadahoc,Sagadahoc County,ME,Maine,23,023,00581297,06,657801810,300571247,True,False
23025,Somerset,Somerset County,ME,Maine,23,025,00581298,06,10163862548,437891943,True,False
23027,Waldo,Waldo County,ME,Maine,23,027,00581299,06,1891279830,347573350,True,False
23029,Washington,Washington County,ME,Maine,23,029,00581300,06,6637430073,1799648496,True,False
23031,York,York County,ME,Maine,23,031,00581301,06,2567179271,721359671,True,False
24001,Allegany,Allegany County,MD,Maryland,24,001,01713506,06,1093489850,14710960,True,False
24003,Anne Arundel,Anne Arundel County,MD,Maryland,24,003,01710958,06,1074347711,448050691,True,False
24005,Baltimore,Baltimore County,MD,Maryland,24,005,01695314,06,1549741639,215956834,True,False
24009,Calvert,Calvert County,MD,Maryland,24,009,01676636,06,552158538,341580670,True,False
24011,Caroline,Caroline County,MD,Maryland,24,011,00595737,06,827350253,16777065,True,False
24013,Carroll,Carroll County,MD,Maryland,24,013,01696228,06,1159317315,13111616,True,False
24015,Cecil,Cecil County,MD,Maryland,24,015,00596115,06,896912539,185281256,True,False
24017,Charles,Charles County,MD,Maryland,24,017,01676992,06,1185745250,479451412,True,False
24019,Dorchester,Dorchester County,MD,Maryland,24,019,00596495,06,1400573754,1145353067,True,False
24021,Frederick,Frederick County,MD,Maryland,24,021,01711211,06,1711005007,17630724,True,False
24023,Garrett,Garrett County,MD,Maryland,24,023,01711058,06,1681102437,22498419,True,False
24025,Harford,Harford County,MD,Maryland,24,025,01698178,06,1132149300,231888421,True,False
24027,Howard,Howard County,MD,Maryland,24,027,01709077,06,649957173,6336170,True,False
24029,Kent,Kent County,MD,Maryland,24,029,00593907,06,717268761,353549972,True,False
24031,Montgomery,Montgomery County,MD,Maryland,24,031,01712500,06,1277231475,35632833,True,False
24033,Prince George's,Prince George's County,MD,Maryland,24,033,01714670,06,1249930975,42051952,True,False
24035,Queen Anne's,Queen Anne's County,MD,Maryland,24,035,00596089,06,962618584,360075353,True,False
24037,St. Mary's,St. Mary's County,MD,Maryland,24,037,01697853,06,928740405,1050662096,True,False
24039,Somerset,Somerset County,MD,Maryland,24,039,00596907,06,828145291,752652883,True,False
24041,Talbot,Talbot County,MD,Maryland,24,041,00592947,06,695556087,539368999,True,False
24043,Washington,Washington County,MD,Maryland,24,043,01714220,06,1185668214,24811082,True,False
24045,Wicomico,Wicomico County,MD,Maryland,24,045,01668606,06,969751190,66780622,True,False
24047,Worcester,Worcester County,MD,Maryland,24,047,01668802,06,1212887631,586799918,True,False
24510,Baltimore,Baltimore city,MD,Maryland,24,510,01702381,25,209649327,28758743,True,False
25001,Barnstable,Barnstable County,MA,Massachusetts,25,001,00606927,06,1020933685,2360402326,True,False
25003,Berkshire,Berkshire County,MA,Massachusetts,25,003,00606928,06,2400592149,50709117,True,False
25005,Bristol,Bristol County,MA,Massachusetts,25,005,00606929,06,1432569117,357437771,True,False
25007,Dukes,Dukes County,MA,Massachusetts,25,007,00606930,06,267293162,1004291251,True,False
25009,Essex,Essex County,MA,Massachusetts,25,009,00606931,06,1275604953,870173087,True,False
25011,Franklin,Franklin County,MA,Massachusetts,25,011,00606932,06,1810943456,65594687,True,False
25013,Hampden,Hampden County,MA,Massachusetts,25,013,00606933,06,1598038069,44414582,True,False
25015,Hampshire,Hampshire County,MA,Massachusetts,25,015,00606934,06,1365533877,46625893,True,False
25017,Middlesex,Middlesex County,MA,Massachusetts,25,017,00606935,06,2118363247,75219797,True,False
25019,Nantucket,Nantucket County,MA,Massachusetts,25,019,00606936,06,119637317,666826385,True,False
25021,Norfolk,Norfolk County,MA,Massachusetts,25,021,00606937,06,1025902546,124954020,True,False
25023,Plymouth,Plymouth County,MA,Massachusetts,25,023,00606938,06,1705561190,1126065460,True,False
25025,Suffolk,Suffolk County,MA,Massachusetts,25,025,00606939,06,150885677,160490902,True,False
25027,Worcester,Worcester County,MA,Massachusetts,25,027,00606940,06,3912616783,177370102,True,False
26001,Alcona,Alcona County,MI,Michigan,26,001,01622943,06,1747349242,2890404966,True,False
26003,Alger,Alger County,MI,Michigan,26,003,01622944,06,2369943232,10703502027,True,False
26005,Allegan,Allegan County,MI,Michigan,26,005,01622945,06,2137854635,2610343990,True,False
26007,Alpena,Alpena County,MI,Michigan,26,007,01622946,06,1481211836,2908626559,True,False
26009,Antrim,Antrim County,MI,Michigan,26,009,01622947,06,1232031503,326507945,True,False
26011,Arenac,Arenac County,MI,Michigan,26,011,01622948,06,940627659,822313309,True,False
26013,Baraga,Baraga County,MI,Michigan,26,013,01622949,06,2326915096,441618700,True,False
26015,Barry,Barry County,MI,Michigan,26,015,01622950,06,1432533269,61999481,True,False
26017,Bay,Bay County,MI,Michigan,26,017,01622951,06,1145835301,487713013,True,False
26019,Benzie,Benzie County,MI,Michigan,26,019,01622952,06,828011952,1398248181,True,False
26021,Berrien,Berrien County,MI,Michigan,26,021,01622953,06,1470711038,2625282548,True,False
26023,Branch,Branch County,MI,Michigan,26,023,01622954,06,1311598417,34427277,True,False
26025,Calhoun,Calhoun County,MI,Michigan,26,025,01622955,06,1829201516,31257733,True,False
26027,Cass,Cass County,MI,Michigan,26,027,01622956,06,1269428348,47086607,True,False
26029,Charlevoix,Charlevoix County,MI,Michigan,26,029,01622957,06,1078288794,2522931117,True,False
26031,Cheboygan,Cheboygan County,MI,Michigan,26,031,01622958,06,1852576279,440595150,True,False
26033,Chippewa,Chippewa County,MI,Michigan,26,033,01622959,06,4036535199,2952484224,True,False
26035,Clare,Clare County,MI,Michigan,26,035,01622960,06,1461704503,28496223,True,False
26037,Clinton,Clinton County,MI,Michigan,26,037,01622961,06,1469427627,18687990,True,False
26039,Crawford,Crawford County,MI,Michigan,26,039,01622962,06,1441115025,17880688,True,False
26041,Delta,Delta County,MI,Michigan,26,041,01622963,06,3033120259,2124407010,True,False
26043,Dickinson,Dickinson County,MI,Michigan,26,043,01622964,06,1970851991,40499097,True,False
26045,Eaton,Eaton County,MI,Michigan,26,045,01622965,06,1489785883,10939432,True,False
26047,Emmet,Emmet County,MI,Michigan,26,047,01622966,06,1210937841,1073422145,True,False
26049,Genesee,Genesee County,MI,Michigan,26,049,01622967,06,1649682298,32740388,True,False
26051,Gladwin,Gladwin County,MI,Michigan,26,051,01622968,06,1299622802,36674665,True,False
26053,Gogebic,Gogebic County,MI,Michigan,26,053,01622969,06,2854517946,970153215,True,False
26055,Grand Traverse,Grand Traverse County,MI,Michigan,26,055,01622970,06,1202625100,354771223,True,False
26057,Gratiot,Gratiot County,MI,Michigan,26,057,01622971,06,1472101758,8366304,True,False
26059,Hillsdale,Hillsdale County,MI,Michigan,26,059,01622972,06,1549244317,22901955,True,False
26061,Houghton,Houghton County,MI,Michigan,26,061,01622973,06,2613563872,1275349279,True,False
26063,Huron,Huron County,MI,Michigan,26,063,01622974,06,2165015628,3369278562,True,False
26065,Ingham,Ingham County,MI,Michigan,26,065,01622975,06,1440243333,11999081,True,False
26067,Ionia,Ionia County,MI,Michigan,26,067,01622976,06,1479710875,22590324,True,False
26069,Iosco,Iosco County,MI,Michigan,26,069,01622977,06,1423138613,3472103968,True,False
26071,Iron,Iron County,MI,Michigan,26,071,01622978,06,3020226160,116769814,True,False
26073,Isabella,Isabella County,MI,Michigan,26,073,01622979,06,1483287228,12943517,True,False
26075,Jackson,Jackson County,MI,Michigan,26,075,01622980,06,1817926244,55912045,True,False
26077,Kalamazoo,Kalamazoo County,MI,Michigan,26,077,01622981,06,1455466318,47506806,True,False
26079,Kalkaska,Kalkaska County,MI,Michigan,26,079,01622982,06,1449729129,28020186,True,False
26081,Kent,Kent County,MI,Michigan,26,081,01622983,06,2200312475,58007407,True,False
26083,Keweenaw,Keweenaw County,MI,Michigan,26,083,01622984,06,1398883239,14053673396,True,False
26085,Lake,Lake County,MI,Michigan,26,085,01622985,06,1470063806,17480501,True,False
26087,Lapeer,Lapeer County,MI,Michigan,26,087,01622986,06,1676952447,39806093,True,False
26089,Leelanau,Leelanau County,MI,Michigan,26,089,01622987,06,899244068,5659103150,True,False
26091,Lenawee,Lenawee County,MI,Michigan,26,091,01622988,06,1941592912,30430814,True,False
26093,Livingston,Livingston County,MI,Michigan,26,093,01622989,06,1464094017,52100268,True,False
26095,Luce,Luce County,MI,Michigan,26,095,01622990,06,2328593561,2624711552,True,False
26097,Mackinac,Mackinac County,MI,Michigan,26,097,01622991,06,2646654802,2793754479,True,False
26099,Macomb,Macomb County,MI,Michigan,26,099,01622992,06,1241523996,237154364,True,False
26101,Manistee,Manistee County,MI,Michigan,26,101,01622993,06,1404616368,1912438857,True,False
26103,Marquette,Marquette County,MI,Michigan,26,103,01622994,06,4685471876,4185286890,True,False
26105,Mason,Mason County,MI,Michigan,26,105,01622995,06,1281963204,1935616622,True,False
26107,Mecosta,Mecosta County,MI,Michigan,26,107,01622996,06,1437849493,41659795,True,False
26109,Menominee,Menominee County,MI,Michigan,26,109,01622997,06,2704053650,761798350,True,False
26111,Midland,Midland County,MI,Michigan,26,111,01622998,06,1342738433,24953314,True,False
26113,Missaukee,Missaukee County,MI,Michigan,26,113,01622999,06,1462810808,23571639,True,False
26115,Monroe,Monroe County,MI,Michigan,26,115,01623000,06,1422829735,338191910,True,False
26117,Montcalm,Montcalm County,MI,Michigan,26,117,01623001,06,1826793472,39944686,True,False
26119,Montmorency,Montmorency County,MI,Michigan,26,119,01623002,06,1415881029,41352700,True,False
26121,Muskegon,Muskegon County,MI,Michigan,26,121,01623003,06,1305149763,2476294663,True,False
26123,Newaygo,Newaygo County,MI,Michigan,26,123,01623004,06,2172706353,59083043,True,False
26125,Oakland,Oakland County,MI,Michigan,26,125,01623005,06,2246622091,103110913,True,False
26127,Oceana,Oceana County,MI,Michigan,26,127,01623006,06,1393687026,1988708845,True,False
26129,Ogemaw,Ogemaw County,MI,Michigan,26,129,01623007,06,1459473476,29634442,True,False
26131,Ontonagon,Ontonagon County,MI,Michigan,26,131,01623008,06,3395416359,6292279244,True,False
26133,Osceola,Osceola County,MI,Michigan,26,133,01623009,06,1466687419,17412099,True,False
26135,Oscoda,Oscoda County,MI,Michigan,26,135,01623010,06,1465088041,15136485,True,False
26137,Otsego,Otsego County,MI,Michigan,26,137,01623011,06,1333860410,29050564,True,False
26139,Ottawa,Ottawa County,MI,Michigan,26,139,01623012,06,1459509499,2765823898,True,False
26141,Presque Isle,Presque Isle County,MI,Michigan,26,141,01623013,06,1706073139,4957323625,True,False
26143,Roscommon,Roscommon County,MI,Michigan,26,143,01623014,06,1346526238,155723123,True,False
26145,Saginaw,Saginaw County,MI,Michigan,26,145,01623015,06,2074080705,39260622,True,False
26147,St. Clair,St. Clair County,MI,Michigan,26,147,01625033,06,1868733017,297782416,True,False
26149,St. Joseph,St. Joseph County,MI,Michigan,26,149,01625034,06,1296649450,52802551,True,False
26151,Sanilac,Sanilac County,MI,Michigan,26,151,01623016,06,2493048507,1624879475,True,False
26153,Schoolcraft,Schoolcraft County,MI,Michigan,26,153,01623017,06,3035145673,1844210517,True,False
26155,Shiawassee,Shiawassee County,MI,Michigan,26,155,01623018,06,1375610928,25420651,True,False
26157,Tuscola,Tuscola County,MI,Michigan,26,157,01623019,06,2084685619,282332293,True,False
26159,Van Buren,Van Buren County,MI,Michigan,26,159,01623020,06,1574188228,1248649349,True,False
26161,Washtenaw,Washtenaw County,MI,Michigan,26,161,01623021,06,1828571110,42491927,True,False
26163,Wayne,Wayne County,MI,Michigan,26,163,01623022,06,1584666038,156818731,True,False
26165,Wexford,Wexford County,MI,Michigan,26,165,01623023,06,1463146657,27184070,True,False
27001,Aitkin,Aitkin County,MN,Minnesota,27,001,00663198,06,4717189396,449252847,True,False
27003,Anoka,Anoka County,MN,Minnesota,27,003,00659447,06,1092908310,62437384,True,False
27005,Becker,Becker County,MN,Minnesota,27,005,00659448,06,3405929566,336989905,True,False
27007,Beltrami,Beltrami County,MN,Minnesota,27,007,00659449,06,6486994931,1425755984,True,False
27009,Benton,Benton County,MN,Minnesota,27,009,00659450,06,1057499875,12286827,True,False
27011,Big Stone,Big Stone County,MN,Minnesota,27,011,00659451,06,1292738453,74945833,True,False
27013,Blue Earth,Blue Earth County,MN,Minnesota,27,013,00659452,06,1936887872,45959531,True,False
27015,Brown,Brown County,MN,Minnesota,27,015,00659453,06,1582765966,18533954,True,False
27017,Carlton,Carlton County,MN,Minnesota,27,017,00659454,06,2230484011,36163386,True,False
27019,Carver,Carver County,MN,Minnesota,27,019,00659455,06,916540479,57072215,True,False
27021,Cass,Cass County,MN,Minnesota,27,021,00659456,06,5235620200,1016539421,True,False
27023,Chippewa,Chippewa County,MN,Minnesota,27,023,00659457,06,1505366473,17238346,True,False
27025,Chisago,Chisago County,MN,Minnesota,27,025,00659458,06,1074593338,71175128,True,False
27027,Clay,Clay County,MN,Minnesota,27,027,00659459,06,2706993087,19303395,True,False
27029,Clearwater,Clearwater County,MN,Minnesota,27,029,00659460,06,2587406736,80628707,True,False
27031,Cook,Cook County,MN,Minnesota,27,031,00659461,06,3762226757,4887833556,True,False
27033,Cottonwood,Cottonwood County,MN,Minnesota,27,033,00659462,06,1657522355,22249931,True,False
27035,Crow Wing,Crow Wing County,MN,Minnesota,27,035,00659463,06,2585977373,409725046,True,False
27037,Dakota,Dakota County,MN,Minnesota,27,037,00659464,06,1457019679,62992340,True,False
27039,Dodge,Dodge County,MN,Minnesota,27,039,00659465,06,1138031332,804838,True,False
27041,Douglas,Douglas County,MN,Minnesota,27,041,00659466,06,1649517469,215735302,True,False
27043,Faribault,Faribault County,MN,Minnesota,27,043,00659467,06,1845313173,24410687,True,False
27045,Fillmore,Fillmore County,MN,Minnesota,27,045,00659468,06,2230843173,2055817,True,False
27047,Freeborn,Freeborn County,MN,Minnesota,27,047,00659469,06,1831759024,39302650,True,False
27049,Goodhue,Goodhue County,MN,Minnesota,27,049,00659470,06,1959952819,59111961,True,False
27051,Grant,Grant County,MN,Minnesota,27,051,00659471,06,1418795387,71705190,True,False
27053,Hennepin,Hennepin County,MN,Minnesota,27,053,00659472,06,1434903969,136569191,True,False
27055,Houston,Houston County,MN,Minnesota,27,055,00659473,06,1429972098,43308599,True,False
27057,Hubbard,Hubbard County,MN,Minnesota,27,057,00659474,06,2398400426,190290481,True,False
27059,Isanti,Isanti County,MN,Minnesota,27,059,00659475,06,1128667914,41203726,True,False
27061,Itasca,Itasca County,MN,Minnesota,27,061,00659476,06,6908725842,674212531,True,False
27063,Jackson,Jackson County,MN,Minnesota,27,063,00659477,06,1820690110,42120424,True,False
27065,Kanabec,Kanabec County,MN,Minnesota,27,065,00659478,06,1350978243,31236792,True,False
27067,Kandiyohi,Kandiyohi County,MN,Minnesota,27,067,00659479,06,2065133185,168416374,True,False
27069,Kittson,Kittson County,MN,Minnesota,27,069,00659480,06,2846395547,12419291,True,False
27071,Koochiching,Koochiching County,MN,Minnesota,27,071,00659481,06,8041150642,132757147,True,False
27073,Lac qui Parle,Lac qui Parle County,MN,Minnesota,27,073,00659482,06,1981394646,33647010,True,False
27075,Lake,Lake County,MN,Minnesota,27,075,00659484,06,5462563493,2283905085,True,False
27077,Lake of the Woods,Lake of the Woods County,MN,Minnesota,27,077,00659483,06,3360906038,1248825401,True,False
27079,Le Sueur,Le Sueur County,MN,Minnesota,27,079,00659485,06,1162271393,65211958,True,False
27081,Lincoln,Lincoln County,MN,Minnesota,27,081,00659486,06,1390269927,30162958,True,False
27083,Lyon,Lyon County,MN,Minnesota,27,083,00659487,06,1850315166,18794793,True,False
27085,McLeod,McLeod County,MN,Minnesota,27,085,00659491,06,1273004674,36432587,True,False
27087,Mahnomen,Mahnomen County,MN,Minnesota,27,087,00659488,06,1444868079,64851527,True,False
27089,Marshall,Marshall County,MN,Minnesota,27,089,00659489,06,4597384256,98012343,True,False
27091,Martin,Martin County,MN,Minnesota,27,091,00659490,06,1844941482,44656001,True,False
27093,Meeker,Meeker County,MN,Minnesota,27,093,00659492,06,1574629063,94913811,True,False
27095,Mille Lacs,Mille Lacs County,MN,Minnesota,27,095,00659493,06,1482242164,282956280,True,False
27097,Morrison,Morrison County,MN,Minnesota,27,097,00659494,06,2913996432,73259804,True,False
27099,Mower,Mower County,MN,Minnesota,27,099,00659495,06,1842188281,617123,True,False
27101,Murray,Murray County,MN,Minnesota,27,101,00659496,06,1825079952,38432251,True,False
27103,Nicollet,Nicollet County,MN,Minnesota,27,103,00659497,06,1161618791,47471117,True,False
27105,Nobles,Nobles County,MN,Minnesota,27,105,00659498,06,1852143781,19253010,True,False
27107,Norman,Norman County,MN,Minnesota,27,107,00659499,06,2260512784,10208059,True,False
27109,Olmsted,Olmsted County,MN,Minnesota,27,109,00659500,06,1692581253,3225617,True,False
27111,Otter Tail,Otter Tail County,MN,Minnesota,27,111,00659501,06,5106514368,654466895,True,False
27113,Pennington,Pennington County,MN,Minnesota,27,113,00659502,06,1596779064,4338967,True,False
27115,Pine,Pine County,MN,Minnesota,27,115,00659503,06,3655334315,60281284,True,False
27117,Pipestone,Pipestone County,MN,Minnesota,27,117,00659504,06,1204482545,2346477,True,False
27119,Polk,Polk County,MN,Minnesota,27,119,00659505,06,5104857036,69398570,True,False
27121,Pope,Pope County,MN,Minnesota,27,121,00659506,06,1747100283,109705987,True,False
27123,Ramsey,Ramsey County,MN,Minnesota,27,123,00659507,06,394349490,45983124,True,False
27125,Red Lake,Red Lake County,MN,Minnesota,27,125,00659508,06,1119930078,227116,True,False
27127,Redwood,Redwood County,MN,Minnesota,27,127,00659509,06,2275493116,8220947,True,False
27129,Renville,Renville County,MN,Minnesota,27,129,00659510,06,2545689669,10873495,True,False
27131,Rice,Rice County,MN,Minnesota,27,131,00659511,06,1284114077,52069008,True,False
27133,Rock,Rock County,MN,Minnesota,27,133,00659512,06,1249562282,698231,True,False
27135,Roseau,Roseau County,MN,Minnesota,27,135,00659513,06,4329782687,16924039,True,False
27137,St. Louis,St. Louis County,MN,Minnesota,27,137,00662850,06,16182559692,1586163737,True,False
27139,Scott,Scott County,MN,Minnesota,27,139,00659514,06,922246232,31664237,True,False
27141,Sherburne,Sherburne County,MN,Minnesota,27,141,00659515,06,1121327974,47057605,True,False
27143,Sibley,Sibley County,MN,Minnesota,27,143,00659516,06,1525416531,30163153,True,False
27145,Stearns,Stearns County,MN,Minnesota,27,145,00659517,06,3478049992,121771861,True,False
27147,Steele,Steele County,MN,Minnesota,27,147,00659518,06,1112626770,6972355,True,False
27149,Stevens,Stevens County,MN,Minnesota,27,149,00659519,06,1459877117,30336107,True,False
27151,Swift,Swift County,MN,Minnesota,27,151,00659520,06,1921812427,26245338,True,False
27153,Todd,Todd County,MN,Minnesota,27,153,00659521,06,2447791827,89136463,True,False
27155,Traverse,Traverse County,MN,Minnesota,27,155,00659522,06,1486320978,31025234,True,False
27157,Wabasha,Wabasha County,MN,Minnesota,27,157,00659523,06,1354471944,68766266,True,False
27159,Wadena,Wadena County,MN,Minnesota,27,159,00659524,06,1389132783,18009881,True,False
27161,Waseca,Waseca County,MN,Minnesota,27,161,00659525,06,1096500987,24893713,True,False
27163,Washington,Washington County,MN,Minnesota,27,163,00659526,06,996530238,99839105,True,False
27165,Watonwan,Watonwan County,MN,Minnesota,27,165,00659527,06,1126508578,12387925,True,False
27167,Wilkin,Wilkin County,MN,Minnesota,27,167,00659528,06,1945179854,480470,True,False
27169,Winona,Winona County,MN,Minnesota,27,169,00659529,06,1621827302,40014767,True,False
27171,Wright,Wright County,MN,Minnesota,27,171,00659530,06,1712394935,137860633,True,False
27173,Yellow Medicine,Yellow Medicine County,MN,Minnesota,27,173,00659531,06,1966063007,10687957,True,False
28001,Adams,Adams County,MS,Mississippi,28,001,00695726,06,1197464266,65273640,True,False
28003,Alcorn,Alcorn County,MS,Mississippi,28,003,00711755,06,1036116127,3402314,True,False
28005,Amite,Amite County,MS,Mississippi,28,005,00695727,06,1890950860,3877823,True,False
28007,Attala,Attala County,MS,Mississippi,28,007,00695728,06,1903529298,4425860,True,False
28009,Benton,Benton County,MS,Mississippi,28,009,00695729,06,1053131428,5279184,True,False
28011,Bolivar,Bolivar County,MS,Mississippi,28,011,00695730,06,2270141679,81446732,True,False
28013,Calhoun,Calhoun County,MS,Mississippi,28,013,00695731,06,1519218292,3590388,True,False
28015,Carroll,Carroll County,MS,Mississippi,28,015,00695732,06,1627517131,16050556,True,False
28017,Chickasaw,Chickasaw County,MS,Mississippi,28,017,00695733,06,1299608407,6380767,True,False
28019,Choctaw,Choctaw County,MS,Mississippi,28,019,00695734,06,1083125331,4295085,True,False
28021,Claiborne,Claiborne County,MS,Mississippi,28,021,00695735,06,1262400023,35711134,True,False
28023,Clarke,Clarke County,MS,Mississippi,28,023,00695736,06,1791173033,5073931,True,False
28025,Clay,Clay County,MS,Mississippi,28,025,00695737,06,1061922602,15305249,True,False
28027,Coahoma,Coahoma County,MS,Mississippi,28,027,00695738,06,1432526488,77525442,True,False
28029,Copiah,Copiah County,MS,Mississippi,28,029,00695739,06,2013158774,5644780,True,False
28031,Covington,Covington County,MS,Mississippi,28,031,00695740,06,1071784953,2880713,True,False
28033,DeSoto,DeSoto County,MS,Mississippi,28,033,00695741,06,1233855808,50232356,True,False
28035,Forrest,Forrest County,MS,Mississippi,28,035,00695742,06,1207042892,10872904,True,False
28037,Franklin,Franklin County,MS,Mississippi,28,037,00695743,06,1460658821,7250805,True,False
28039,George,George County,MS,Mississippi,28,039,00695744,06,1239824224,12830813,True,False
28041,Greene,Greene County,MS,Mississippi,28,041,00695745,06,1845983902,15430619,True,False
28043,Grenada,Grenada County,MS,Mississippi,28,043,00695746,06,1093267463,70683200,True,False
28045,Hancock,Hancock County,MS,Mississippi,28,045,00711756,06,1227567343,204089428,True,False
28047,Harrison,Harrison County,MS,Mississippi,28,047,00695747,06,1485746815,1064585233,True,False
28049,Hinds,Hinds County,MS,Mississippi,28,049,00695748,06,2252888300,19259532,True,False
28051,Holmes,Holmes County,MS,Mississippi,28,051,00695749,06,1959776819,20568825,True,False
28053,Humphreys,Humphreys County,MS,Mississippi,28,053,00695750,06,1084258532,32631415,True,False
28055,Issaquena,Issaquena County,MS,Mississippi,28,055,00695751,06,1069614257,73664788,True,False
28057,Itawamba,Itawamba County,MS,Mississippi,28,057,00695752,06,1379933000,19825536,True,False
28059,Jackson,Jackson County,MS,Mississippi,28,059,00695753,06,1872109199,830292614,True,False
28061,Jasper,Jasper County,MS,Mississippi,28,061,00695754,06,1751636189,3130850,True,False
28063,Jefferson,Jefferson County,MS,Mississippi,28,063,00695755,06,1346620553,18988092,True,False
28065,Jefferson Davis,Jefferson Davis County,MS,Mississippi,28,065,00695756,06,1057871275,1791496,True,False
28067,Jones,Jones County,MS,Mississippi,28,067,00695757,06,1799639008,12681687,True,False
28069,Kemper,Kemper County,MS,Mississippi,28,069,00695758,06,1984403152,2182350,True,False
28071,Lafayette,Lafayette County,MS,Mississippi,28,071,00695759,06,1636088509,123105438,True,False
28073,Lamar,Lamar County,MS,Mississippi,28,073,00695760,06,1286109797,8871408,True,False
28075,Lauderdale,Lauderdale County,MS,Mississippi,28,075,00695761,06,1822511106,29727669,True,False
28077,Lawrence,Lawrence County,MS,Mississippi,28,077,00695762,06,1115254009,13188412,True,False
28079,Leake,Leake County,MS,Mississippi,28,079,00695763,06,1509697190,6376466,True,False
28081,Lee,Lee County,MS,Mississippi,28,081,00695764,06,1165404270,8314457,True,False
28083,Leflore,Leflore County,MS,Mississippi,28,083,00695765,06,1538645698,31868197,True,False
28085,Lincoln,Lincoln County,MS,Mississippi,28,085,00695766,06,1518269765,5291052,True,False
28087,Lowndes,Lowndes County,MS,Mississippi,28,087,00695767,06,1310710305,28522280,True,False
28089,Madison,Madison County,MS,Mississippi,28,089,00695768,06,1849800819,72075390,True,False
28091,Marion,Marion County,MS,Mississippi,28,091,00695769,06,1404616873,16302668,True,False
28093,Marshall,Marshall County,MS,Mississippi,28,093,00695770,06,1829027817,9173803,True,False
28095,Monroe,Monroe County,MS,Mississippi,28,095,00695771,06,1981673393,17953924,True,False
28097,Montgomery,Montgomery County,MS,Mississippi,28,097,00711757,06,1054074830,2352156,True,False
28099,Neshoba,Neshoba County,MS,Mississippi,28,099,00695772,06,1476641126,3830971,True,False
28101,Newton,Newton County,MS,Mississippi,28,101,00695773,06,1496418687,4524423,True,False
28103,Noxubee,Noxubee County,MS,Mississippi,28,103,00695774,06,1800976502,12497508,True,False
28105,Oktibbeha,Oktibbeha County,MS,Mississippi,28,105,00695775,06,1185245552,9565689,True,False
28107,Panola,Panola County,MS,Mississippi,28,107,00695776,06,1774607343,51674888,True,False
28109,Pearl River,Pearl River County,MS,Mississippi,28,109,00695777,06,2101794952,20295312,True,False
28111,Perry,Perry County,MS,Mississippi,28,111,00695778,06,1676432392,7581604,True,False
28113,Pike,Pike County,MS,Mississippi,28,113,00711758,06,1059783760,3907959,True,False
28115,Pontotoc,Pontotoc County,MS,Mississippi,28,115,00695803,06,1289330912,8308394,True,False
28117,Prentiss,Prentiss County,MS,Mississippi,28,117,00695779,06,1074806610,8324262,True,False
28119,Quitman,Quitman County,MS,Mississippi,28,119,00695780,06,1048975540,3676001,True,False
28121,Rankin,Rankin County,MS,Mississippi,28,121,00695781,06,2008538427,79213730,True,False
28123,Scott,Scott County,MS,Mississippi,28,123,00695782,06,1577902084,3001523,True,False
28125,Sharkey,Sharkey County,MS,Mississippi,28,125,00695783,06,1118149684,8806463,True,False
28127,Simpson,Simpson County,MS,Mississippi,28,127,00695784,06,1525930871,3378528,True,False
28129,Smith,Smith County,MS,Mississippi,28,129,00695785,06,1647926076,2599432,True,False
28131,Stone,Stone County,MS,Mississippi,28,131,00695786,06,1153800118,6712351,True,False
28133,Sunflower,Sunflower County,MS,Mississippi,28,133,00695787,06,1807187007,23747316,True,False
28135,Tallahatchie,Tallahatchie County,MS,Mississippi,28,135,00695788,06,1672069540,16969517,True,False
28137,Tate,Tate County,MS,Mississippi,28,137,00695789,06,1048332524,16090911,True,False
28139,Tippah,Tippah County,MS,Mississippi,28,139,00695790,06,1185754666,5522230,True,False
28141,Tishomingo,Tishomingo County,MS,Mississippi,28,141,00695791,06,1098925141,52373918,True,False
28143,Tunica,Tunica County,MS,Mississippi,28,143,00695792,06,1176191639,57012297,True,False
28145,Union,Union County,MS,Mississippi,28,145,00695793,06,1076417816,3369003,True,False
28147,Walthall,Walthall County,MS,Mississippi,28,147,00695794,06,1046169275,1236552,True,False
28149,Warren,Warren County,MS,Mississippi,28,149,00695795,06,1524302184,77744204,True,False
28151,Washington,Washington County,MS,Mississippi,28,151,00695796,06,1875531293,93803301,True,False
28153,Wayne,Wayne County,MS,Mississippi,28,153,00695797,06,2099745602,7255476,True,False
28155,Webster,Webster County,MS,Mississippi,28,155,00695798,06,1090794796,5363806,True,False
28157,Wilkinson,Wilkinson County,MS,Mississippi,28,157,00695799,06,1756043890,25262385,True,False
28159,Winston,Winston County,MS,Mississippi,28,159,00695800,06,1572773204,7341897,True,False
28161,Yalobusha,Yalobusha County,MS,Mississippi,28,161,00695801,06,1209914675,72140595,True,False
28163,Yazoo,Yazoo County,MS,Mississippi,28,163,00695802,06,2388847342,30612555,True,False
29001,Adair,Adair County,MO,Missouri,29,001,00765805,06,1469362061,5468507,True,False
29003,Andrew,Andrew County,MO,Missouri,29,003,00758456,06,1120518013,9669777,True,False
29005,Atchison,Atchison County,MO,Missouri,29,005,00758457,06,1417462623,7359186,True,False
29007,Audrain,Audrain County,MO,Missouri,29,007,00758458,06,1792918425,11843439,True,False
29009,Barry,Barry County,MO,Missouri,29,009,00758459,06,2015328986,32910373,True,False
29011,Barton,Barton County,MO,Missouri,29,011,00758460,06,1533351241,12151997,True,False
29013,Bates,Bates County,MO,Missouri,29,013,00758461,06,2167033432,38030730,True,False
29015,Benton,Benton County,MO,Missouri,29,015,00758462,06,1823437748,125605711,True,False
29017,Bollinger,Bollinger County,MO,Missouri,29,017,00758463,06,1600364576,8530122,True,False
29019,Boone,Boone County,MO,Missouri,29,019,00758464,06,1775580658,14211203,True,False
29021,Buchanan,Buchanan County,MO,Missouri,29,021,00758465,06,1057361277,17942873,True,False
29023,Butler,Butler County,MO,Missouri,29,023,00758466,06,1799405241,11196956,True,False
29025,Caldwell,Caldwell County,MO,Missouri,29,025,00758467,06,1104353490,8399237,True,False
29027,Callaway,Callaway County,MO,Missouri,29,027,00758468,06,2161513201,33194432,True,False
29029,Camden,Camden County,MO,Missouri,29,029,00758469,06,1698868744,136411732,True,False
29031,Cape Girardeau,Cape Girardeau County,MO,Missouri,29,031,00758470,06,1498351219,20284964,True,False
29033,Carroll,Carroll County,MO,Missouri,29,033,00758471,06,1799061888,17533392,True,False
29035,Carter,Carter County,MO,Missouri,29,035,00758472,06,1314052439,4304986,True,False
29037,Cass,Cass County,MO,Missouri,29,037,00758473,06,1804231754,14954758,True,False
29039,Cedar,Cedar County,MO,Missouri,29,039,00758474,06,1228870899,62637821,True,False
29041,Chariton,Chariton County,MO,Missouri,29,041,00758475,06,1945541998,40353307,True,False
29043,Christian,Christian County,MO,Missouri,29,043,00758476,06,1457134679,3048446,True,False
29045,Clark,Clark County,MO,Missouri,29,045,00758477,06,1306924732,18695974,True,False
29047,Clay,Clay County,MO,Missouri,29,047,00758478,06,1029930131,28484518,True,False
29049,Clinton,Clinton County,MO,Missouri,29,049,00758479,06,1085049759,11764909,True,False
29051,Cole,Cole County,MO,Missouri,29,051,00758480,06,1014066038,19144926,True,False
29053,Cooper,Cooper County,MO,Missouri,29,053,00758481,06,1462684615,11486534,True,False
29055,Crawford,Crawford County,MO,Missouri,29,055,00758482,06,1923005860,3306286,True,False
29057,Dade,Dade County,MO,Missouri,29,057,00758483,06,1269120979,42072597,True,False
29059,Dallas,Dallas County,MO,Missouri,29,059,00758484,06,1401057556,4909180,True,False
29061,Daviess,Daviess County,MO,Missouri,29,061,00758485,06,1458894581,14925665,True,False
29063,DeKalb,DeKalb County,MO,Missouri,29,063,00758486,06,1091312447,11560688,True,False
29065,Dent,Dent County,MO,Missouri,29,065,00758487,06,1949641183,4518781,True,False
29067,Douglas,Douglas County,MO,Missouri,29,067,00758488,06,2107274101,2520175,True,False
29069,Dunklin,Dunklin County,MO,Missouri,29,069,00758489,06,1403538813,13708531,True,False
29071,Franklin,Franklin County,MO,Missouri,29,071,00758490,06,2389239902,20928381,True,False
29073,Gasconade,Gasconade County,MO,Missouri,29,073,00758491,06,1344216316,18008168,True,False
29075,Gentry,Gentry County,MO,Missouri,29,075,00758492,06,1272776755,762384,True,False
29077,Greene,Greene County,MO,Missouri,29,077,00758493,06,1749093465,6607713,True,False
29079,Grundy,Grundy County,MO,Missouri,29,079,00758494,06,1127403256,7116081,True,False
29081,Harrison,Harrison County,MO,Missouri,29,081,00758495,06,1871309887,10070644,True,False
29083,Henry,Henry County,MO,Missouri,29,083,00758496,06,1805056171,91656114,True,False
29085,Hickory,Hickory County,MO,Missouri,29,085,00758497,06,1032908443,33454640,True,False
29087,Holt,Holt County,MO,Missouri,29,087,00758498,06,1198375860,19832798,True,False
29089,Howard,Howard County,MO,Missouri,29,089,00758499,06,1201239497,19854109,True,False
29091,Howell,Howell County,MO,Missouri,29,091,00758500,06,2401376469,2920041,True,False
29093,Iron,Iron County,MO,Missouri,29,093,00758501,06,1425184838,4655363,True,False
29095,Jackson,Jackson County,MO,Missouri,29,095,00758502,06,1565698750,30621016,True,False
29097,Jasper,Jasper County,MO,Missouri,29,097,00758503,06,1653723334,7163884,True,False
29099,Jefferson,Jefferson County,MO,Missouri,29,099,00758504,06,1699140815,20247689,True,False
29101,Johnson,Johnson County,MO,Missouri,29,101,00758505,06,2147779812,10176753,True,False
29103,Knox,Knox County,MO,Missouri,29,103,00758506,06,1305380272,7303439,True,False
29105,Laclede,Laclede County,MO,Missouri,29,105,00758507,06,1980522177,8720826,True,False
29107,Lafayette,Lafayette County,MO,Missouri,29,107,00758508,06,1627247039,27063921,True,False
29109,Lawrence,Lawrence County,MO,Missouri,29,109,00758509,06,1584432024,4208587,True,False
29111,Lewis,Lewis County,MO,Missouri,29,111,00758510,06,1307990180,14964046,True,False
29113,Lincoln,Lincoln County,MO,Missouri,29,113,00758511,06,1622797172,35994186,True,False
29115,Linn,Linn County,MO,Missouri,29,115,00758512,06,1594366554,14989603,True,False
29117,Livingston,Livingston County,MO,Missouri,29,117,00758513,06,1378657547,16187906,True,False
29119,McDonald,McDonald County,MO,Missouri,29,119,00758518,06,1397155458,520251,True,False
29121,Macon,Macon County,MO,Missouri,29,121,00758514,06,2075118613,28912354,True,False
29123,Madison,Madison County,MO,Missouri,29,123,00758515,06,1280453084,8323284,True,False
29125,Maries,Maries County,MO,Missouri,29,125,00758516,06,1364873602,7632374,True,False
29127,Marion,Marion County,MO,Missouri,29,127,00758517,06,1131646182,19090885,True,False
29129,Mercer,Mercer County,MO,Missouri,29,129,00758519,06,1175427717,3302140,True,False
29131,Miller,Miller County,MO,Missouri,29,131,00758520,06,1534779504,19192837,True,False
29133,Mississippi,Mississippi County,MO,Missouri,29,133,00758521,06,1066029405,44515175,True,False
29135,Moniteau,Moniteau County,MO,Missouri,29,135,00758522,06,1074931225,9940393,True,False
29137,Monroe,Monroe County,MO,Missouri,29,137,00758523,06,1677380365,58339267,True,False
29139,Montgomery,Montgomery County,MO,Missouri,29,139,00758524,06,1385765130,14100641,True,False
29141,Morgan,Morgan County,MO,Missouri,29,141,00758525,06,1547867041,42414584,True,False
29143,New Madrid,New Madrid County,MO,Missouri,29,143,00758526,06,1747940900,56236293,True,False
29145,Newton,Newton County,MO,Missouri,29,145,00758527,06,1618103704,4717818,True,False
29147,Nodaway,Nodaway County,MO,Missouri,29,147,00758528,06,2271326607,2361588,True,False
29149,Oregon,Oregon County,MO,Missouri,29,149,00758529,06,2045687593,4528441,True,False
29151,Osage,Osage County,MO,Missouri,29,151,00758530,06,1571034473,17734486,True,False
29153,Ozark,Ozark County,MO,Missouri,29,153,00758531,06,1929557609,26607427,True,False
29155,Pemiscot,Pemiscot County,MO,Missouri,29,155,00758532,06,1275841039,53915406,True,False
29157,Perry,Perry County,MO,Missouri,29,157,00758533,06,1228574130,25394864,True,False
29159,Pettis,Pettis County,MO,Missouri,29,159,00758534,06,1766986595,10468070,True,False
29161,Phelps,Phelps County,MO,Missouri,29,161,00758535,06,1739921110,6564987,True,False
29163,Pike,Pike County,MO,Missouri,29,163,00758536,06,1736428529,36976720,True,False
29165,Platte,Platte County,MO,Missouri,29,165,00758537,06,1087335650,16896863,True,False
29167,Polk,Polk County,MO,Missouri,29,167,00758538,06,1646006422,17837670,True,False
29169,Pulaski,Pulaski County,MO,Missouri,29,169,00758539,06,1417014929,11312362,True,False
29171,Putnam,Putnam County,MO,Missouri,29,171,00758540,06,1339849643,5937543,True,False
29173,Ralls,Ralls County,MO,Missouri,29,173,00758541,06,1216759454,36364367,True,False
29175,Randolph,Randolph County,MO,Missouri,29,175,00758542,06,1250220630,13254192,True,False
29177,Ray,Ray County,MO,Missouri,29,177,00758543,06,1473649199,13418136,True,False
29179,Reynolds,Reynolds County,MO,Missouri,29,179,00758544,06,2093946393,15373678,True,False
29181,Ripley,Ripley County,MO,Missouri,29,181,00758545,06,1630438192,5455724,True,False
29183,St. Charles,St. Charles County,MO,Missouri,29,183,00758546,06,1451204476,83022135,True,False
29185,St. Clair,St. Clair County,MO,Missouri,29,185,00758547,06,1748193266,70137863,True,False
29186,Ste. Genevieve,Ste. Genevieve County,MO,Missouri,29,186,00765806,06,1292827137,19712984,True,False
29187,St. Francois,St. Francois County,MO,Missouri,29,187,00758548,06,1170380020,7218075,True,False
29189,St. Louis,St. Louis County,MO,Missouri,29,189,00758549,06,1317074810,40009079,True,False
29195,Saline,Saline County,MO,Missouri,29,195,00758550,06,1956761958,29542462,True,False
29197,Schuyler,Schuyler County,MO,Missouri,29,197,00758551,06,795916407,2216011,True,False
29199,Scotland,Scotland County,MO,Missouri,29,199,00758552,06,1130548360,7217862,True,False
29201,Scott,Scott County,MO,Missouri,29,201,00758553,06,1087811534,15172488,True,False
29203,Shannon,Shannon County,MO,Missouri,29,203,00758554,06,2599881423,464012,True,False
29205,Shelby,Shelby County,MO,Missouri,29,205,00758555,06,1297230219,3764606,True,False
29207,Stoddard,Stoddard County,MO,Missouri,29,207,00758556,06,2131929136,15025823,True,False
29209,Stone,Stone County,MO,Missouri,29,209,00758557,06,1201268813,121210895,True,False
29211,Sullivan,Sullivan County,MO,Missouri,29,211,00758558,06,1678265916,9121738,True,False
29213,Taney,Taney County,MO,Missouri,29,213,00758559,06,1637553942,50101661,True,False
29215,Texas,Texas County,MO,Missouri,29,215,00758560,06,3049106811,5071079,True,False
29217,Vernon,Vernon County,MO,Missouri,29,217,00758561,06,2140343854,27020868,True,False
29219,Warren,Warren County,MO,Missouri,29,219,00758562,06,1110059783,23627926,True,False
29221,Washington,Washington County,MO,Missouri,29,221,00758563,06,1968043954,6791224,True,False
29223,Wayne,Wayne County,MO,Missouri,29,223,00758564,06,1966285866,38530851,True,False
29225,Webster,Webster County,MO,Missouri,29,225,00758565,06,1534732000,3108872,True,False
29227,Worth,Worth County,MO,Missouri,29,227,00758566,06,690564983,493903,True,False
29229,Wright,Wright County,MO,Missouri,29,229,00758567,06,1765788552,3524879,True,False
29510,St. Louis,St. Louis city,MO,Missouri,29,510,00767557,25,159847393,11534970,True,False
30001,Beaverhead,Beaverhead County,MT,Montana,30,001,01719627,06,14355492117,78345288,True,False
30003,Big Horn,Big Horn County,MT,Montana,30,003,01716521,06,12944183984,47395459,True,False
30005,Blaine,Blaine County,MT,Montana,30,005,01722470,06,10949218323,29079295,True,False
30007,Broadwater,Broadwater County,MT,Montana,30,007,01719625,06,3088195856,118487320,True,False
30009,Carbon,Carbon County,MT,Montana,30,009,01720111,06,5304007483,35017697,True,False
30011,Carter,Carter County,MT,Montana,30,011,01688746,06,8651796244,19503322,True,False
30013,Cascade,Cascade County,MT,Montana,30,013,01719622,06,6988334235,34300473,True,False
30015,Chouteau,Chouteau County,MT,Montana,30,015,01719619,06,10288778624,62611691,True,False
30017,Custer,Custer County,MT,Montana,30,017,01720109,06,9798723728,25612454,True,False
30019,Daniels,Daniels County,MT,Montana,30,019,01637566,06,3694021960,1021697,True,False
30021,Dawson,Dawson County,MT,Montana,30,021,01715632,06,6143260033,29884286,True,False
30023,Deer Lodge,Deer Lodge County,MT,Montana,30,023,01719617,06,1907998861,12199890,True,False
30025,Fallon,Fallon County,MT,Montana,30,025,01688745,06,4197320397,5915331,True,False
30027,Fergus,Fergus County,MT,Montana,30,027,01719614,06,11238811029,27700317,True,False
30029,Flathead,Flathead County,MT,Montana,30,029,01719611,06,13176056530,436954292,True,False
30031,Gallatin,Gallatin County,MT,Montana,30,031,01720053,06,6747835851,73611148,True,False
30033,Garfield,Garfield County,MT,Montana,30,033,01716058,06,12112233245,446864356,True,False
30035,Glacier,Glacier County,MT,Montana,30,035,01719607,06,7757405147,105684958,True,False
30037,Golden Valley,Golden Valley County,MT,Montana,30,037,01723078,06,3041740573,2621792,True,False
30039,Granite,Granite County,MT,Montana,30,039,01719605,06,4473328969,14546367,True,False
30041,Hill,Hill County,MT,Montana,30,041,01720048,06,7509401938,44199217,True,False
30043,Jefferson,Jefferson County,MT,Montana,30,043,01720045,06,4291603026,6256292,True,False
30045,Judith Basin,Judith Basin County,MT,Montana,30,045,01719602,06,4842466585,2066740,True,False
30047,Lake,Lake County,MT,Montana,30,047,01796943,06,3860389550,423445080,True,False
30049,Lewis and Clark,Lewis and Clark County,MT,Montana,30,049,00793926,06,8957163878,101496952,True,False
30051,Liberty,Liberty County,MT,Montana,30,051,01720036,06,3703651372,44411471,True,False
30053,Lincoln,Lincoln County,MT,Montana,30,053,01720038,06,9356484222,161555792,True,False
30055,McCone,McCone County,MT,Montana,30,055,01716270,06,6843332035,103024685,True,False
30057,Madison,Madison County,MT,Montana,30,057,01720033,06,9293281827,39849039,True,False
30059,Meagher,Meagher County,MT,Montana,30,059,01719600,06,6194909925,7475979,True,False
30061,Mineral,Mineral County,MT,Montana,30,061,01720030,06,3158799815,9897218,True,False
30063,Missoula,Missoula County,MT,Montana,30,063,01719596,06,6715864478,64582796,True,False
30065,Musselshell,Musselshell County,MT,Montana,30,065,01719593,06,4840577742,7118682,True,False
30067,Park,Park County,MT,Montana,30,067,01720027,06,7258388272,27861800,True,False
30069,Petroleum,Petroleum County,MT,Montana,30,069,01719590,06,4288047859,48927318,True,False
30071,Phillips,Phillips County,MT,Montana,30,071,01720023,06,13313630165,185493135,True,False
30073,Pondera,Pondera County,MT,Montana,30,073,01719587,06,4207608377,43980663,True,False
30075,Powder River,Powder River County,MT,Montana,30,075,01719584,06,8542288815,1565958,True,False
30077,Powell,Powell County,MT,Montana,30,077,01720021,06,6024423558,16245447,True,False
30079,Prairie,Prairie County,MT,Montana,30,079,01715847,06,4497780202,15092932,True,False
30081,Ravalli,Ravalli County,MT,Montana,30,081,01719582,06,6192574708,24289482,True,False
30083,Richland,Richland County,MT,Montana,30,083,01715338,06,5398974513,49002594,True,False
30085,Roosevelt,Roosevelt County,MT,Montana,30,085,01669428,06,6098391689,38582249,True,False
30087,Rosebud,Rosebud County,MT,Montana,30,087,01716795,06,12971010182,44234227,True,False
30089,Sanders,Sanders County,MT,Montana,30,089,01719578,06,7149404118,76395125,True,False
30091,Sheridan,Sheridan County,MT,Montana,30,091,01677577,06,4343256737,75111952,True,False
30093,Silver Bow,Silver Bow County,MT,Montana,30,093,01719575,06,1859586139,1500304,True,False
30095,Stillwater,Stillwater County,MT,Montana,30,095,01719572,06,4652999504,23923677,True,False
30097,Sweet Grass,Sweet Grass County,MT,Montana,30,097,01719569,06,4805816380,17455905,True,False
30099,Teton,Teton County,MT,Montana,30,099,01720018,06,5883457564,52625570,True,False
30101,Toole,Toole County,MT,Montana,30,101,01719566,06,4959475398,78025726,True,False
30103,Treasure,Treasure County,MT,Montana,30,103,01719563,06,2532492074,17149960,True,False
30105,Valley,Valley County,MT,Montana,30,105,01678923,06,12758579867,351382239,True,False
30107,Wheatland,Wheatland County,MT,Montana,30,107,01719560,06,3684208390,13010928,True,False
30109,Wibaux,Wibaux County,MT,Montana,30,109,01696629,06,2303979503,1756846,True,False
30111,Yellowstone,Yellowstone County,MT,Montana,30,111,01719558,06,6820478440,40490022,True,False
31001,Adams,Adams County,NE,Nebraska,31,001,00835823,06,1458836770,2513742,True,False
31003,Antelope,Antelope County,NE,Nebraska,31,003,00835824,06,2220026338,3715966,True,False
31005,Arthur,Arthur County,NE,Nebraska,31,005,00835825,06,1852234562,7644718,True,False
31007,Banner,Banner County,NE,Nebraska,31,007,00835826,06,1932231569,392060,True,False
31009,Blaine,Blaine County,NE,Nebraska,31,009,00835827,06,1840709885,9415061,True,False
31011,Boone,Boone County,NE,Nebraska,31,011,00835828,06,1778104026,1780542,True,False
31013,Box Butte,Box Butte County,NE,Nebraska,31,013,00835991,06,2784840486,6928324,True,False
31015,Boyd,Boyd County,NE,Nebraska,31,015,00835829,06,1396957277,13360589,True,False
31017,Brown,Brown County,NE,Nebraska,31,017,00835830,06,3163423492,9687309,True,False
31019,Buffalo,Buffalo County,NE,Nebraska,31,019,00835831,06,2507745811,18526719,True,False
31021,Burt,Burt County,NE,Nebraska,31,021,00835832,06,1273203509,14184088,True,False
31023,Butler,Butler County,NE,Nebraska,31,023,00835833,06,1514595607,15598406,True,False
31025,Cass,Cass County,NE,Nebraska,31,025,00835834,06,1442393397,23258498,True,False
31027,Cedar,Cedar County,NE,Nebraska,31,027,00835835,06,1917080037,14653906,True,False
31029,Chase,Chase County,NE,Nebraska,31,029,00835836,06,2316548814,7962797,True,False
31031,Cherry,Cherry County,NE,Nebraska,31,031,00835837,06,15436585720,128192826,True,False
31033,Cheyenne,Cheyenne County,NE,Nebraska,31,033,00835838,06,3097645444,292549,True,False
31035,Clay,Clay County,NE,Nebraska,31,035,00835839,06,1482222910,3234876,True,False
31037,Colfax,Colfax County,NE,Nebraska,31,037,00835840,06,1065675354,13096486,True,False
31039,Cuming,Cuming County,NE,Nebraska,31,039,00835841,06,1477563051,10772508,True,False
31041,Custer,Custer County,NE,Nebraska,31,041,00835842,06,6670405018,1285152,True,False
31043,Dakota,Dakota County,NE,Nebraska,31,043,00835843,06,684873059,7742889,True,False
31045,Dawes,Dawes County,NE,Nebraska,31,045,00835844,06,3616756320,11755838,True,False
31047,Dawson,Dawson County,NE,Nebraska,31,047,00835845,06,2625694518,14624602,True,False
31049,Deuel,Deuel County,NE,Nebraska,31,049,00835846,06,1139142630,2295555,True,False
31051,Dixon,Dixon County,NE,Nebraska,31,051,00835847,06,1231852118,18379775,True,False
31053,Dodge,Dodge County,NE,Nebraska,31,053,00835848,06,1369700566,36668439,True,False
31055,Douglas,Douglas County,NE,Nebraska,31,055,00835849,06,845735092,33157714,True,False
31057,Dundy,Dundy County,NE,Nebraska,31,057,00835850,06,2381956209,3046331,True,False
31059,Fillmore,Fillmore County,NE,Nebraska,31,059,00835851,06,1490200740,2991991,True,False
31061,Franklin,Franklin County,NE,Nebraska,31,061,00835852,06,1491355862,487899,True,False
31063,Frontier,Frontier County,NE,Nebraska,31,063,00835853,06,2524345619,14047824,True,False
31065,Furnas,Furnas County,NE,Nebraska,31,065,00835854,06,1862730834,3727356,True,False
31067,Gage,Gage County,NE,Nebraska,31,067,00835855,06,2205292872,21993057,True,False
31069,Garden,Garden County,NE,Nebraska,31,069,00835856,06,4415478551,67450146,True,False
31071,Garfield,Garfield County,NE,Nebraska,31,071,00835857,06,1474624514,5255328,True,False
31073,Gosper,Gosper County,NE,Nebraska,31,073,00835858,06,1186729973,11718014,True,False
31075,Grant,Grant County,NE,Nebraska,31,075,00835859,06,2011633358,17249018,True,False
31077,Greeley,Greeley County,NE,Nebraska,31,077,00835860,06,1475843020,2150066,True,False
31079,Hall,Hall County,NE,Nebraska,31,079,00835861,06,1415504338,14542805,True,False
31081,Hamilton,Hamilton County,NE,Nebraska,31,081,00835862,06,1403850997,7017551,True,False
31083,Harlan,Harlan County,NE,Nebraska,31,083,00835863,06,1433471185,53339808,True,False
31085,Hayes,Hayes County,NE,Nebraska,31,085,00835864,06,1846829900,562429,True,False
31087,Hitchcock,Hitchcock County,NE,Nebraska,31,087,00835865,06,1838765331,22080715,True,False
31089,Holt,Holt County,NE,Nebraska,31,089,00835866,06,6246663912,14619277,True,False
31091,Hooker,Hooker County,NE,Nebraska,31,091,00835867,06,1867293651,1385457,True,False
31093,Howard,Howard County,NE,Nebraska,31,093,00835868,06,1474401359,16376495,True,False
31095,Jefferson,Jefferson County,NE,Nebraska,31,095,00835869,06,1476765635,14202899,True,False
31097,Johnson,Johnson County,NE,Nebraska,31,097,00835870,06,974059404,1675330,True,False
31099,Kearney,Kearney County,NE,Nebraska,31,099,00835871,06,1336933471,404663,True,False
31101,Keith,Keith County,NE,Nebraska,31,101,00835872,06,2750729961,123802447,True,False
31103,Keya Paha,Keya Paha County,NE,Nebraska,31,103,00835873,06,2001740192,2710300,True,False
31105,Kimball,Kimball County,NE,Nebraska,31,105,00835874,06,2465517106,1448446,True,False
31107,Knox,Knox County,NE,Nebraska,31,107,00835875,06,2870314750,81551358,True,False
31109,Lancaster,Lancaster County,NE,Nebraska,31,109,00835876,06,2169269510,22850511,True,False
31111,Lincoln,Lincoln County,NE,Nebraska,31,111,00835877,06,6641131937,28397612,True,False
31113,Logan,Logan County,NE,Nebraska,31,113,00835878,06,1478101923,1203586,True,False
31115,Loup,Loup County,NE,Nebraska,31,115,00835879,06,1459046159,20032911,True,False
31117,McPherson,McPherson County,NE,Nebraska,31,117,00835881,06,2225470205,2671077,True,False
31119,Madison,Madison County,NE,Nebraska,31,119,00835880,06,1483057691,7352794,True,False
31121,Merrick,Merrick County,NE,Nebraska,31,121,00835882,06,1263381780,23270576,True,False
31123,Morrill,Morrill County,NE,Nebraska,31,123,00835883,06,3687380849,16454219,True,False
31125,Nance,Nance County,NE,Nebraska,31,125,00835884,06,1143726730,17185449,True,False
31127,Nemaha,Nemaha County,NE,Nebraska,31,127,00835885,06,1054904344,5966167,True,False
31129,Nuckolls,Nuckolls County,NE,Nebraska,31,129,00835886,06,1489645169,1718484,True,False
31131,Otoe,Otoe County,NE,Nebraska,31,131,00835887,06,1594444459,8806587,True,False
31133,Pawnee,Pawnee County,NE,Nebraska,31,133,00835888,06,1116478167,4852359,True,False
31135,Perkins,Perkins County,NE,Nebraska,31,135,00835889,06,2287768807,2840175,True,False
31137,Phelps,Phelps County,NE,Nebraska,31,137,00835890,06,1397985724,1709313,True,False
31139,Pierce,Pierce County,NE,Nebraska,31,139,00835891,06,1484707024,3482144,True,False
31141,Platte,Platte County,NE,Nebraska,31,141,00835892,06,1748546409,24531819,True,False
31143,Polk,Polk County,NE,Nebraska,31,143,00835893,06,1136569017,4687900,True,False
31145,Red Willow,Red Willow County,NE,Nebraska,31,145,00835894,06,1857462677,2164642,True,False
31147,Richardson,Richardson County,NE,Nebraska,31,147,00835895,06,1429261299,7077609,True,False
31149,Rock,Rock County,NE,Nebraska,31,149,00835896,06,2611461740,8812080,True,False
31151,Saline,Saline County,NE,Nebraska,31,151,00835897,06,1486835483,5797866,True,False
31153,Sarpy,Sarpy County,NE,Nebraska,31,153,00835898,06,616429160,24664760,True,False
31155,Saunders,Saunders County,NE,Nebraska,31,155,00835899,06,1939132554,28792403,True,False
31157,Scotts Bluff,Scotts Bluff County,NE,Nebraska,31,157,00835900,06,1915608690,15369467,True,False
31159,Seward,Seward County,NE,Nebraska,31,159,00835901,06,1479998886,11539342,True,False
31161,Sheridan,Sheridan County,NE,Nebraska,31,161,00835902,06,6320009952,76575663,True,False
31163,Sherman,Sherman County,NE,Nebraska,31,163,00835903,06,1465613586,14937773,True,False
31165,Sioux,Sioux County,NE,Nebraska,31,165,00835904,06,5352788422,1662499,True,False
31167,Stanton,Stanton County,NE,Nebraska,31,167,00835905,06,1107564317,8725896,True,False
31169,Thayer,Thayer County,NE,Nebraska,31,169,00835906,06,1486107858,3070762,True,False
31171,Thomas,Thomas County,NE,Nebraska,31,171,00835907,06,1845505749,2087569,True,False
31173,Thurston,Thurston County,NE,Nebraska,31,173,00835908,06,1019398007,6437925,True,False
31175,Valley,Valley County,NE,Nebraska,31,175,00835909,06,1471346017,6133639,True,False
31177,Washington,Washington County,NE,Nebraska,31,177,00835910,06,1009915276,8462656,True,False
31179,Wayne,Wayne County,NE,Nebraska,31,179,00835911,06,1147146589,1084985,True,False
31181,Webster,Webster County,NE,Nebraska,31,181,00835912,06,1489017942,337241,True,False
31183,Wheeler,Wheeler County,NE,Nebraska,31,183,00835913,06,1489717918,1059454,True,False
31185,York,York County,NE,Nebraska,31,185,00835914,06,1482809121,8579992,True,False
32001,Churchill,Churchill County,NV,Nevada,32,001,00858638,06,12820847801,190742991,True,False
32003,Clark,Clark County,NV,Nevada,32,003,00863600,06,20439308551,438384091,True,False
32005,Douglas,Douglas County,NV,Nevada,32,005,00858643,06,1840283027,72182210,True,False
32007,Elko,Elko County,NV,Nevada,32,007,00857664,06,44478647053,75156805,True,False
32009,Esmeralda,Esmeralda County,NV,Nevada,32,009,00858641,06,9277050177,18552010,True,False
32011,Eureka,Eureka County,NV,Nevada,32,011,00858640,06,10814982430,11058701,True,False
32013,Humboldt,Humboldt County,NV,Nevada,32,013,00863310,06,24969535376,44194899,True,False
32015,Lander,Lander County,NV,Nevada,32,015,00863368,06,14294783202,662270,True,False
32017,Lincoln,Lincoln County,NV,Nevada,32,017,00863992,06,27540342261,9802713,True,False
32019,Lyon,Lyon County,NV,Nevada,32,019,00858645,06,5187884837,59489121,True,False
32021,Mineral,Mineral County,NV,Nevada,32,021,00858644,06,9715777465,155864513,True,False
32023,Nye,Nye County,NV,Nevada,32,023,00863599,06,47090939237,43207981,True,False
32027,Pershing,Pershing County,NV,Nevada,32,027,00858646,06,15634691981,79934815,True,False
32029,Storey,Storey County,NV,Nevada,32,029,00858642,06,683238144,1881143,True,False
32031,Washoe,Washoe County,NV,Nevada,32,031,00858608,06,16358064865,582717357,True,False
32033,White Pine,White Pine County,NV,Nevada,32,033,00858615,06,23016356486,23426584,True,False
32510,Carson City,Carson City,NV,Nevada,32,510,00863219,00,374341370,32594082,True,False
33001,Belknap,Belknap County,NH,New Hampshire,33,001,00873174,06,1040947197,176373665,True,False
33003,Carroll,Carroll County,NH,New Hampshire,33,003,00873175,06,2413547249,159588456,True,False
33005,Cheshire,Cheshire County,NH,New Hampshire,33,005,00873176,06,1830408433,57547873,True,False
33007,Coos,Coos County,NH,New Hampshire,33,007,00873177,06,4647924493,92541535,True,False
33009,Grafton,Grafton County,NH,New Hampshire,33,009,00873178,06,4425280009,106433838,True,False
33011,Hillsborough,Hillsborough County,NH,New Hampshire,33,011,00873179,06,2270202132,41310055,True,False
33013,Merrimack,Merrimack County,NH,New Hampshire,33,013,00873180,06,2416073580,57302046,True,False
33015,Rockingham,Rockingham County,NH,New Hampshire,33,015,00873181,06,1801476202,258205458,True,False
33017,Strafford,Strafford County,NH,New Hampshire,33,017,00873182,06,951766244,39131257,True,False
33019,Sullivan,Sullivan County,NH,New Hampshire,33,019,00873183,06,1393107952,36915441,True,False
34001,Atlantic,Atlantic County,NJ,New Jersey,34,001,00882270,06,1438954274,301091070,True,False
34003,Bergen,Bergen County,NJ,New Jersey,34,003,00882271,06,602942130,35363774,True,False
34005,Burlington,Burlington County,NJ,New Jersey,34,005,00882272,06,2070156208,54585340,True,False
34007,Camden,Camden County,NJ,New Jersey,34,007,00882273,06,573332073,15917055,True,False
34009,Cape May,Cape May County,NJ,New Jersey,34,009,00882274,06,651416132,955170886,True,False
34011,Cumberland,Cumberland County,NJ,New Jersey,34,011,00882275,06,1251948168,503663195,True,False
34013,Essex,Essex County,NJ,New Jersey,34,013,00882276,06,326552020,8653478,True,False
34015,Gloucester,Gloucester County,NJ,New Jersey,34,015,00882277,06,833999183,38137139,True,False
34017,Hudson,Hudson County,NJ,New Jersey,34,017,00882278,06,119638037,41839269,True,False
34019,Hunterdon,Hunterdon County,NJ,New Jersey,34,019,00882228,06,1108086281,24761599,True,False
34021,Mercer,Mercer County,NJ,New Jersey,34,021,00882229,06,581404580,11327996,True,False
34023,Middlesex,Middlesex County,NJ,New Jersey,34,023,00882230,06,801117796,35126562,True,False
34025,Monmouth,Monmouth County,NJ,New Jersey,34,025,00882910,06,1212642039,500374481,True,False
34027,Morris,Morris County,NJ,New Jersey,34,027,00882231,06,1194054336,53097699,True,False
34029,Ocean,Ocean County,NJ,New Jersey,34,029,00882279,06,1627266218,742148419,True,False
34031,Passaic,Passaic County,NJ,New Jersey,34,031,00882232,06,482078671,32001147,True,False
34033,Salem,Salem County,NJ,New Jersey,34,033,00882233,06,859515221,105389623,True,False
34035,Somerset,Somerset County,NJ,New Jersey,34,035,00882234,06,781847506,7977584,True,False
34037,Sussex,Sussex County,NJ,New Jersey,34,037,00882236,06,1342890215,43870812,True,False
34039,Union,Union County,NJ,New Jersey,34,039,00882235,06,266164943,6839884,True,False
34041,Warren,Warren County,NJ,New Jersey,34,041,00882237,06,923436997,15824253,True,False
35001,Bernalillo,Bernalillo County,NM,New Mexico,35,001,01702363,06,3007611372,15882884,True,False
35003,Catron,Catron County,NM,New Mexico,35,003,00929108,06,17933561654,14193499,True,False
35005,Chaves,Chaves County,NM,New Mexico,35,005,01702364,06,15713917226,20469858,True,False
35006,Cibola,Cibola County,NM,New Mexico,35,006,00933051,06,11758505173,5554597,True,False
35007,Colfax,Colfax County,NM,New Mexico,35,007,00929117,06,9733113272,26296498,True,False
35009,Curry,Curry County,NM,New Mexico,35,009,00933053,06,3640291094,7991739,True,False
35011,De Baca,De Baca County,NM,New Mexico,35,011,00933054,06,6016818942,29090018,True,False
35013,Doña Ana,Doña Ana County,NM,New Mexico,35,013,00929109,06,9863137491,17594316,True,False
35015,Eddy,Eddy County,NM,New Mexico,35,015,00936829,06,10816692046,56489009,True,False
35017,Grant,Grant County,NM,New Mexico,35,017,00915980,06,10259478298,15295130,True,False
35019,Guadalupe,Guadalupe County,NM,New Mexico,35,019,00929111,06,7847072131,2887948,True,False
35021,Harding,Harding County,NM,New Mexico,35,021,00933055,06,5504963122,1162620,True,False
35023,Hidalgo,Hidalgo County,NM,New Mexico,35,023,00929106,06,8905805099,23581028,True,False
35025,Lea,Lea County,NM,New Mexico,35,025,01702365,06,11374066519,8147103,True,False
35027,Lincoln,Lincoln County,NM,New Mexico,35,027,00929116,06,12512530054,554839,True,False
35028,Los Alamos,Los Alamos County,NM,New Mexico,35,028,01702366,06,282626746,208105,True,False
35029,Luna,Luna County,NM,New Mexico,35,029,00933057,06,7679773818,433660,True,False
35031,McKinley,McKinley County,NM,New Mexico,35,031,00929107,06,14118189535,12688957,True,False
35033,Mora,Mora County,NM,New Mexico,35,033,01702367,06,4988972401,6083545,True,False
35035,Otero,Otero County,NM,New Mexico,35,035,00929104,06,17126455957,36944199,True,False
35037,Quay,Quay County,NM,New Mexico,35,037,00929110,06,7443508559,18554572,True,False
35039,Rio Arriba,Rio Arriba County,NM,New Mexico,35,039,01702368,06,15179598453,91463244,True,False
35041,Roosevelt,Roosevelt County,NM,New Mexico,35,041,01702369,06,6335242922,18679639,True,False
35043,Sandoval,Sandoval County,NM,New Mexico,35,043,00929113,06,9609358675,10851799,True,False
35045,San Juan,San Juan County,NM,New Mexico,35,045,00936844,06,14289558282,54900394,True,False
35047,San Miguel,San Miguel County,NM,New Mexico,35,047,00929114,06,12228666253,51380263,True,False
35049,Santa Fe,Santa Fe County,NM,New Mexico,35,049,00933322,06,4947861285,2643021,True,False
35051,Sierra,Sierra County,NM,New Mexico,35,051,01702370,06,10829293033,147631578,True,False
35053,Socorro,Socorro County,NM,New Mexico,35,053,01702371,06,17214061582,4843011,True,False
35055,Taos,Taos County,NM,New Mexico,35,055,00933056,06,5704119619,3383128,True,False
35057,Torrance,Torrance County,NM,New Mexico,35,057,00929112,06,8664061394,2316559,True,False
35059,Union,Union County,NM,New Mexico,35,059,00929115,06,9906834378,15498790,True,False
35061,Valencia,Valencia County,NM,New Mexico,35,061,00933052,06,2762783468,2830941,True,False
36001,Albany,Albany County,NY,New York,36,001,00974099,06,1354273426,26971925,True,False
36003,Allegany,Allegany County,NY,New York,36,003,00974100,06,2666410173,12989704,True,False
36005,Bronx,Bronx County,NY,New York,36,005,00974101,06,109301172,39287800,True,False
36007,Broome,Broome County,NY,New York,36,007,00974102,06,1827626589,25078245,True,False
36009,Cattaraugus,Cattaraugus County,NY,New York,36,009,00974103,06,3388177066,36783591,True,False
36011,Cayuga,Cayuga County,NY,New York,36,011,00974104,06,1791207571,445691131,True,False
36013,Chautauqua,Chautauqua County,NY,New York,36,013,00974105,06,2746450227,1139029655,True,False
36015,Chemung,Chemung County,NY,New York,36,015,00974106,06,1054989064,8874703,True,False
36017,Chenango,Chenango County,NY,New York,36,017,00974107,06,2314006878,13433905,True,False
36019,Clinton,Clinton County,NY,New York,36,019,00974108,06,2687763047,206581998,True,False
36021,Columbia,Columbia County,NY,New York,36,021,00974109,06,1643770715,35071400,True,False
36023,Cortland,Cortland County,NY,New York,36,023,00974110,06,1291817953,7110638,True,False
36025,Delaware,Delaware County,NY,New York,36,025,00974111,06,3736306656,64163829,True,False
36027,Dutchess,Dutchess County,NY,New York,36,027,00974112,06,2060598606,76906718,True,False
36029,Erie,Erie County,NY,New York,36,029,00974113,06,2700743414,476876396,True,False
36031,Essex,Essex County,NY,New York,36,031,00974114,06,4646755722,316348027,True,False
36033,Franklin,Franklin County,NY,New York,36,033,00974115,06,4219867408,176612001,True,False
36035,Fulton,Fulton County,NY,New York,36,035,00974116,06,1283236089,96915000,True,False
36037,Genesee,Genesee County,NY,New York,36,037,00974117,06,1276803035,6136678,True,False
36039,Greene,Greene County,NY,New York,36,039,00974118,06,1676140501,28201061,True,False
36041,Hamilton,Hamilton County,NY,New York,36,041,00974119,06,4447989312,234204425,True,False
36043,Herkimer,Herkimer County,NY,New York,36,043,00974120,06,3653402964,120355811,True,False
36045,Jefferson,Jefferson County,NY,New York,36,045,00974121,06,3283928401,1524534691,True,False
36047,Kings,Kings County,NY,New York,36,047,00974122,06,179684482,71158757,True,False
36049,Lewis,Lewis County,NY,New York,36,049,00974123,06,3305625876,39648337,True,False
36051,Livingston,Livingston County,NY,New York,36,051,00974124,06,1635974791,22076449,True,False
36053,Madison,Madison County,NY,New York,36,053,00974125,06,1696064498,16680858,True,False
36055,Monroe,Monroe County,NY,New York,36,055,00974126,06,1701536380,1838269506,True,False
36057,Montgomery,Montgomery County,NY,New York,36,057,00974127,06,1044053041,18613118,True,False
36059,Nassau,Nassau County,NY,New York,36,059,00974128,06,736965431,437285877,True,False
36061,New York,New York County,NY,New York,36,061,00974129,06,58683879,29010416,True,False
36063,Niagara,Niagara County,NY,New York,36,063,00974130,06,1352876143,1598772310,True,False
36065,Oneida,Oneida County,NY,New York,36,065,00974131,06,3140211182,117357244,True,False
36067,Onondaga,Onondaga County,NY,New York,36,067,00974132,06,2016027797,70512842,True,False
36069,Ontario,Ontario County,NY,New York,36,069,00974133,06,1668017479,47845322,True,False
36071,Orange,Orange County,NY,New York,36,071,00974134,06,2103273921,67952544,True,False
36073,Orleans,Orleans County,NY,New York,36,073,00974135,06,1013364726,1103744014,True,False
36075,Oswego,Oswego County,NY,New York,36,075,00974136,06,2464685609,933435238,True,False
36077,Otsego,Otsego County,NY,New York,36,077,00974137,06,2594488422,36312826,True,False
36079,Putnam,Putnam County,NY,New York,36,079,00974138,06,596350753,41228996,True,False
36081,Queens,Queens County,NY,New York,36,081,00974139,06,281594050,188444349,True,False
36083,Rensselaer,Rensselaer County,NY,New York,36,083,00974140,06,1689861383,33524231,True,False
36085,Richmond,Richmond County,NY,New York,36,085,00974141,06,148982681,117441532,True,False
36087,Rockland,Rockland County,NY,New York,36,087,00974142,06,449841001,66919666,True,False
36089,St. Lawrence,St. Lawrence County,NY,New York,36,089,00977309,06,6939961469,366939180,True,False
36091,Saratoga,Saratoga County,NY,New York,36,091,00974143,06,2097812297,87488004,True,False
36093,Schenectady,Schenectady County,NY,New York,36,093,00974144,06,530121015,12335637,True,False
36095,Schoharie,Schoharie County,NY,New York,36,095,00974145,06,1610503550,11676951,True,False
36097,Schuyler,Schuyler County,NY,New York,36,097,00974146,06,850405404,36246373,True,False
36099,Seneca,Seneca County,NY,New York,36,099,00974147,06,838377559,172813844,True,False
36101,Steuben,Steuben County,NY,New York,36,101,00974148,06,3601403378,35034921,True,False
36103,Suffolk,Suffolk County,NY,New York,36,103,00974149,06,2359323057,3787372220,True,False
36105,Sullivan,Sullivan County,NY,New York,36,105,00974150,06,2507484146,73737482,True,False
36107,Tioga,Tioga County,NY,New York,36,107,00974151,06,1343600018,11044570,True,False
36109,Tompkins,Tompkins County,NY,New York,36,109,00974152,06,1229336924,43765697,True,False
36111,Ulster,Ulster County,NY,New York,36,111,00974153,06,2911757763,94596810,True,False
36113,Warren,Warren County,NY,New York,36,113,00974154,06,2246093482,166839689,True,False
36115,Washington,Washington County,NY,New York,36,115,00974155,06,2152773115,38123569,True,False
36117,Wayne,Wayne County,NY,New York,36,117,00974156,06,1563913378,2018184725,True,False
36119,Westchester,Westchester County,NY,New York,36,119,00974157,06,1115811944,179391718,True,False
36121,Wyoming,Wyoming County,NY,New York,36,121,00974158,06,1535086365,9085228,True,False
36123,Yates,Yates County,NY,New York,36,123,00974159,06,875850182,97496449,True,False
37001,Alamance,Alamance County,NC,North Carolina,37,001,01008531,06,1096770315,27906243,True,False
37003,Alexander,Alexander County,NC,North Carolina,37,003,01008532,06,673368516,9435656,True,False
37005,Alleghany,Alleghany County,NC,North Carolina,37,005,01008533,06,608220278,3687222,True,False
37007,Anson,Anson County,NC,North Carolina,37,007,01008534,06,1376493250,14588102,True,False
37009,Ashe,Ashe County,NC,North Carolina,37,009,01008535,06,1104023356,8058446,True,False
37011,Avery,Avery County,NC,North Carolina,37,011,01008536,06,640602138,445285,True,False
37013,Beaufort,Beaufort County,NC,North Carolina,37,013,01026333,06,2156710993,337053671,True,False
37015,Bertie,Bertie County,NC,North Carolina,37,015,01026334,06,1810858562,109120751,True,False
37017,Bladen,Bladen County,NC,North Carolina,37,017,01026336,06,2266124565,33022256,True,False
37019,Brunswick,Brunswick County,NC,North Carolina,37,019,01026340,06,2200169676,518091095,True,False
37021,Buncombe,Buncombe County,NC,North Carolina,37,021,01008538,06,1700301531,8941578,True,False
37023,Burke,Burke County,NC,North Carolina,37,023,01008539,06,1311146878,20719897,True,False
37025,Cabarrus,Cabarrus County,NC,North Carolina,37,025,01008540,06,935623728,6985702,True,False
37027,Caldwell,Caldwell County,NC,North Carolina,37,027,01008541,06,1222176567,7060445,True,False
37029,Camden,Camden County,NC,North Carolina,37,029,01026335,06,622441457,181120132,True,False
37031,Carteret,Carteret County,NC,North Carolina,37,031,01026337,06,1314695711,2131054884,True,False
37033,Caswell,Caswell County,NC,North Carolina,37,033,01008542,06,1102042927,8293623,True,False
37035,Catawba,Catawba County,NC,North Carolina,37,035,01008543,06,1039557077,37938883,True,False
37037,Chatham,Chatham County,NC,North Carolina,37,037,01008544,06,1765010744,70580568,True,False
37039,Cherokee,Cherokee County,NC,North Carolina,37,039,01008545,06,1179842040,28813680,True,False
37041,Chowan,Chowan County,NC,North Carolina,37,041,01025822,06,447179939,157966156,True,False
37043,Clay,Clay County,NC,North Carolina,37,043,01008546,06,556857004,15039033,True,False
37045,Cleveland,Cleveland County,NC,North Carolina,37,045,01008547,06,1202438173,10140130,True,False
37047,Columbus,Columbus County,NC,North Carolina,37,047,01026339,06,2429919777,43712413,True,False
37049,Craven,Craven County,NC,North Carolina,37,049,01026123,06,1829932514,172859703,True,False
37051,Cumberland,Cumberland County,NC,North Carolina,37,051,01026124,06,1690137277,15312233,True,False
37053,Currituck,Currituck County,NC,North Carolina,37,053,01026125,06,678344374,685095432,True,False
37055,Dare,Dare County,NC,North Carolina,37,055,01026133,06,992558908,3000512926,True,False
37057,Davidson,Davidson County,NC,North Carolina,37,057,01008548,06,1432233639,37603329,True,False
37059,Davie,Davie County,NC,North Carolina,37,059,01008549,06,682977539,7511429,True,False
37061,Duplin,Duplin County,NC,North Carolina,37,061,01026132,06,2110115794,14237879,True,False
37063,Durham,Durham County,NC,North Carolina,37,063,01008550,06,744763030,26697463,True,False
37065,Edgecombe,Edgecombe County,NC,North Carolina,37,065,01008551,06,1309073895,3706145,True,False
37067,Forsyth,Forsyth County,NC,North Carolina,37,067,01008552,06,1056834331,11644419,True,False
37069,Franklin,Franklin County,NC,North Carolina,37,069,01008553,06,1273948292,6987366,True,False
37071,Gaston,Gaston County,NC,North Carolina,37,071,01008554,06,921389634,20549066,True,False
37073,Gates,Gates County,NC,North Carolina,37,073,01026126,06,882181709,13292008,True,False
37075,Graham,Graham County,NC,North Carolina,37,075,01008555,06,756203028,25047567,True,False
37077,Granville,Granville County,NC,North Carolina,37,077,01008556,06,1377850207,14503653,True,False
37079,Greene,Greene County,NC,North Carolina,37,079,01008557,06,690842898,1225570,True,False
37081,Guilford,Guilford County,NC,North Carolina,37,081,01008558,06,1673115280,30266224,True,False
37083,Halifax,Halifax County,NC,North Carolina,37,083,01008559,06,1874473649,16918948,True,False
37085,Harnett,Harnett County,NC,North Carolina,37,085,01008560,06,1541299781,16361612,True,False
37087,Haywood,Haywood County,NC,North Carolina,37,087,01008561,06,1433713848,2438478,True,False
37089,Henderson,Henderson County,NC,North Carolina,37,089,01008562,06,965932193,5552145,True,False
37091,Hertford,Hertford County,NC,North Carolina,37,091,01026127,06,914689353,18737417,True,False
37093,Hoke,Hoke County,NC,North Carolina,37,093,01008563,06,1010491624,3949309,True,False
37095,Hyde,Hyde County,NC,North Carolina,37,095,01008564,06,1585958032,2192938302,True,False
37097,Iredell,Iredell County,NC,North Carolina,37,097,01008565,06,1487874140,59364025,True,False
37099,Jackson,Jackson County,NC,North Carolina,37,099,01008566,06,1272039052,9746824,True,False
37101,Johnston,Johnston County,NC,North Carolina,37,101,01026327,06,2051314540,9406176,True,False
37103,Jones,Jones County,NC,North Carolina,37,103,01026338,06,1220836956,6031825,True,False
37105,Lee,Lee County,NC,North Carolina,37,105,01008567,06,660633162,10699612,True,False
37107,Lenoir,Lenoir County,NC,North Carolina,37,107,01008568,06,1033630007,5900299,True,False
37109,Lincoln,Lincoln County,NC,North Carolina,37,109,01008569,06,766251552,23338524,True,False
37111,McDowell,McDowell County,NC,North Carolina,37,111,01025836,06,1139476689,13977729,True,False
37113,Macon,Macon County,NC,North Carolina,37,113,01025833,06,1335213014,10598128,True,False
37115,Madison,Madison County,NC,North Carolina,37,115,01025834,06,1164498323,4840167,True,False
37117,Martin,Martin County,NC,North Carolina,37,117,01026328,06,1182102538,746610,True,False
37119,Mecklenburg,Mecklenburg County,NC,North Carolina,37,119,01008570,06,1356122868,58180386,True,False
37121,Mitchell,Mitchell County,NC,North Carolina,37,121,01008571,06,573036224,1632150,True,False
37123,Montgomery,Montgomery County,NC,North Carolina,37,123,01008572,06,1273078949,25883427,True,False
37125,Moore,Moore County,NC,North Carolina,37,125,01008573,06,1806846435,20853327,True,False
37127,Nash,Nash County,NC,North Carolina,37,127,01008574,06,1399742908,6174819,True,False
37129,New Hanover,New Hanover County,NC,North Carolina,37,129,01026329,06,497976887,353807245,True,False
37131,Northampton,Northampton County,NC,North Carolina,37,131,01008575,06,1390085041,35838903,True,False
37133,Onslow,Onslow County,NC,North Carolina,37,133,01026341,06,1973791492,370648831,True,False
37135,Orange,Orange County,NC,North Carolina,37,135,01008576,06,1029757021,8743914,True,False
37137,Pamlico,Pamlico County,NC,North Carolina,37,137,01023355,06,871565241,583042082,True,False
37139,Pasquotank,Pasquotank County,NC,North Carolina,37,139,01026330,06,587610262,161751355,True,False
37141,Pender,Pender County,NC,North Carolina,37,141,01026129,06,2256656740,162822100,True,False
37143,Perquimans,Perquimans County,NC,North Carolina,37,143,01025841,06,640182883,211746290,True,False
37145,Person,Person County,NC,North Carolina,37,145,01008577,06,1016154884,31205405,True,False
37147,Pitt,Pitt County,NC,North Carolina,37,147,01008578,06,1689620170,8247778,True,False
37149,Polk,Polk County,NC,North Carolina,37,149,01008579,06,615606324,1964035,True,False
37151,Randolph,Randolph County,NC,North Carolina,37,151,01008580,06,2026239783,19706168,True,False
37153,Richmond,Richmond County,NC,North Carolina,37,153,01008581,06,1226849526,15575098,True,False
37155,Robeson,Robeson County,NC,North Carolina,37,155,01026130,06,2453501990,5055139,True,False
37157,Rockingham,Rockingham County,NC,North Carolina,37,157,01008582,06,1465006648,18434834,True,False
37159,Rowan,Rowan County,NC,North Carolina,37,159,01008583,06,1325062500,31968204,True,False
37161,Rutherford,Rutherford County,NC,North Carolina,37,161,01008584,06,1464475268,4693780,True,False
37163,Sampson,Sampson County,NC,North Carolina,37,163,01026131,06,2449952012,4918354,True,False
37165,Scotland,Scotland County,NC,North Carolina,37,165,01008585,06,826569986,3842049,True,False
37167,Stanly,Stanly County,NC,North Carolina,37,167,01025844,06,1023253142,25183933,True,False
37169,Stokes,Stokes County,NC,North Carolina,37,169,01008586,06,1163740821,17577923,True,False
37171,Surry,Surry County,NC,North Carolina,37,171,01008587,06,1379542808,10391699,True,False
37173,Swain,Swain County,NC,North Carolina,37,173,01008588,06,1366800396,32419218,True,False
37175,Transylvania,Transylvania County,NC,North Carolina,37,175,01008589,06,979960858,5073764,True,False
37177,Tyrrell,Tyrrell County,NC,North Carolina,37,177,01026332,06,1012106671,534571696,True,False
37179,Union,Union County,NC,North Carolina,37,179,01008590,06,1638787126,17883270,True,False
37181,Vance,Vance County,NC,North Carolina,37,181,01008591,06,653714469,42177687,True,False
37183,Wake,Wake County,NC,North Carolina,37,183,01008592,06,2162064341,57586902,True,False
37185,Warren,Warren County,NC,North Carolina,37,185,01008593,06,1112119290,38613740,True,False
37187,Washington,Washington County,NC,North Carolina,37,187,01026331,06,897456201,195282199,True,False
37189,Watauga,Watauga County,NC,North Carolina,37,189,01008594,06,809214839,2271720,True,False
37191,Wayne,Wayne County,NC,North Carolina,37,191,01026128,06,1434651142,9842326,True,False
37193,Wilkes,Wilkes County,NC,North Carolina,37,193,01008595,06,1952016297,6854041,True,False
37195,Wilson,Wilson County,NC,North Carolina,37,195,01008596,06,952012864,14332562,True,False
37197,Yadkin,Yadkin County,NC,North Carolina,37,197,01008597,06,867498039,7176193,True,False
37199,Yancey,Yancey County,NC,North Carolina,37,199,01008598,06,809610024,1524558,True,False
38001,Adams,Adams County,ND,North Dakota,38,001,01034210,06,2557733898,2894336,True,False
38003,Barnes,Barnes County,ND,North Dakota,38,003,01034225,06,3863120964,56577969,True,False
38005,Benson,Benson County,ND,North Dakota,38,005,01034216,06,3596341580,131677670,True,False
38007,Billings,Billings County,ND,North Dakota,38,007,01035616,06,2974571266,11986464,True,False
38009,Bottineau,Bottineau County,ND,North Dakota,38,009,01034227,06,4322326018,74686137,True,False
38011,Bowman,Bowman County,ND,North Dakota,38,011,01035619,06,3009070648,13583664,True,False
38013,Burke,Burke County,ND,North Dakota,38,013,01034235,06,2858360397,65734594,True,False
38015,Burleigh,Burleigh County,ND,North Dakota,38,015,01035614,06,4228659202,92691315,True,False
38017,Cass,Cass County,ND,North Dakota,38,017,01034226,06,4571159605,7449098,True,False
38019,Cavalier,Cavalier County,ND,North Dakota,38,019,01035304,06,3856816536,53639348,True,False
38021,Dickey,Dickey County,ND,North Dakota,38,021,01035622,06,2930554403,27619632,True,False
38023,Divide,Divide County,ND,North Dakota,38,023,01034234,06,3266310793,86676913,True,False
38025,Dunn,Dunn County,ND,North Dakota,38,025,01035623,06,5201969458,190528747,True,False
38027,Eddy,Eddy County,ND,North Dakota,38,027,01034222,06,1632310790,36012924,True,False
38029,Emmons,Emmons County,ND,North Dakota,38,029,01035615,06,3906739856,121497556,True,False
38031,Foster,Foster County,ND,North Dakota,38,031,01034223,06,1642258760,33103934,True,False
38033,Golden Valley,Golden Valley County,ND,North Dakota,38,033,01035617,06,2592286034,4143286,True,False
38035,Grand Forks,Grand Forks County,ND,North Dakota,38,035,01034218,06,3719781797,8292175,True,False
38037,Grant,Grant County,ND,North Dakota,38,037,01035300,06,4297393832,17563451,True,False
38039,Griggs,Griggs County,ND,North Dakota,38,039,01034219,06,1835486232,20446712,True,False
38041,Hettinger,Hettinger County,ND,North Dakota,38,041,01034209,06,2932485805,4008872,True,False
38043,Kidder,Kidder County,ND,North Dakota,38,043,01034206,06,3499233900,211737414,True,False
38045,LaMoure,LaMoure County,ND,North Dakota,38,045,01035621,06,2968139581,12824671,True,False
38047,Logan,Logan County,ND,North Dakota,38,047,01035620,06,2570819013,47710154,True,False
38049,McHenry,McHenry County,ND,North Dakota,38,049,01035305,06,4853487861,97323497,True,False
38051,McIntosh,McIntosh County,ND,North Dakota,38,051,01034211,06,2524106796,51795568,True,False
38053,McKenzie,McKenzie County,ND,North Dakota,38,053,01035299,06,7148711644,260120464,True,False
38055,McLean,McLean County,ND,North Dakota,38,055,01034232,06,5465578838,563811097,True,False
38057,Mercer,Mercer County,ND,North Dakota,38,057,01034233,06,2700792521,180821039,True,False
38059,Morton,Morton County,ND,North Dakota,38,059,01034207,06,4988026403,49931212,True,False
38061,Mountrail,Mountrail County,ND,North Dakota,38,061,01035307,06,4727150574,301102217,True,False
38063,Nelson,Nelson County,ND,North Dakota,38,063,01034217,06,2542889240,70073746,True,False
38065,Oliver,Oliver County,ND,North Dakota,38,065,01034205,06,1871017446,22475760,True,False
38067,Pembina,Pembina County,ND,North Dakota,38,067,01034212,06,2896993136,7008436,True,False
38069,Pierce,Pierce County,ND,North Dakota,38,069,01034230,06,2637345078,166227811,True,False
38071,Ramsey,Ramsey County,ND,North Dakota,38,071,01034215,06,3070086482,299504065,True,False
38073,Ransom,Ransom County,ND,North Dakota,38,073,01035301,06,2233792810,3582338,True,False
38075,Renville,Renville County,ND,North Dakota,38,075,01034229,06,2272050274,40658500,True,False
38077,Richland,Richland County,ND,North Dakota,38,077,01035302,06,3718378993,25035244,True,False
38079,Rolette,Rolette County,ND,North Dakota,38,079,01034228,06,2338867334,94423047,True,False
38081,Sargent,Sargent County,ND,North Dakota,38,081,01035303,06,2223480251,21713307,True,False
38083,Sheridan,Sheridan County,ND,North Dakota,38,083,01034203,06,2518053313,86198847,True,False
38085,Sioux,Sioux County,ND,North Dakota,38,085,01034208,06,2833580512,88449896,True,False
38087,Slope,Slope County,ND,North Dakota,38,087,01035896,06,3147520245,10980612,True,False
38089,Stark,Stark County,ND,North Dakota,38,089,01035618,06,3457411411,14021458,True,False
38091,Steele,Steele County,ND,North Dakota,38,091,01034220,06,1844441540,8435674,True,False
38093,Stutsman,Stutsman County,ND,North Dakota,38,093,01034224,06,5754703470,197271625,True,False
38095,Towner,Towner County,ND,North Dakota,38,095,01034213,06,2655072411,42752343,True,False
38097,Traill,Traill County,ND,North Dakota,38,097,01034221,06,2232235425,1462184,True,False
38099,Walsh,Walsh County,ND,North Dakota,38,099,01034214,06,3319346398,32181390,True,False
38101,Ward,Ward County,ND,North Dakota,38,101,01034231,06,5213721393,111242326,True,False
38103,Wells,Wells County,ND,North Dakota,38,103,01034204,06,3290670801,51160941,True,False
38105,Williams,Williams County,ND,North Dakota,38,105,01035306,06,5380959360,181836635,True,False
39001,Adams,Adams County,OH,Ohio,39,001,01074014,06,1512221260,6250109,True,False
39003,Allen,Allen County,OH,Ohio,39,003,01074015,06,1042587385,11152061,True,False
39005,Ashland,Ashland County,OH,Ohio,39,005,01074016,06,1095528195,9969109,True,False
39007,Ashtabula,Ashtabula County,OH,Ohio,39,007,01074017,06,1819252266,1724330055,True,False
39009,Athens,Athens County,OH,Ohio,39,009,01074018,06,1304429458,12364206,True,False
39011,Auglaize,Auglaize County,OH,Ohio,39,011,01074019,06,1039590221,1339586,True,False
39013,Belmont,Belmont County,OH,Ohio,39,013,01065575,06,1378321843,23691593,True,False
39015,Brown,Brown County,OH,Ohio,39,015,01074020,06,1267932495,8858347,True,False
39017,Butler,Butler County,OH,Ohio,39,017,01074021,06,1208310917,9155717,True,False
39019,Carroll,Carroll County,OH,Ohio,39,019,01074022,06,1022198379,11183048,True,False
39021,Champaign,Champaign County,OH,Ohio,39,021,01074023,06,1111045219,2180178,True,False
39023,Clark,Clark County,OH,Ohio,39,023,01074024,06,1025322039,14608568,True,False
39025,Clermont,Clermont County,OH,Ohio,39,025,01074025,06,1172125416,19874908,True,False
39027,Clinton,Clinton County,OH,Ohio,39,027,01074026,06,1058609499,9329331,True,False
39029,Columbiana,Columbiana County,OH,Ohio,39,029,01074027,06,1377692484,7277033,True,False
39031,Coshocton,Coshocton County,OH,Ohio,39,031,01074028,06,1460521586,9127208,True,False
39033,Crawford,Crawford County,OH,Ohio,39,033,01074029,06,1040619655,2359514,True,False
39035,Cuyahoga,Cuyahoga County,OH,Ohio,39,035,01074030,06,1184224634,2041679906,True,False
39037,Darke,Darke County,OH,Ohio,39,037,01074031,06,1549077543,4244897,True,False
39039,Defiance,Defiance County,OH,Ohio,39,039,01074032,06,1065623070,7100811,True,False
39041,Delaware,Delaware County,OH,Ohio,39,041,01074033,06,1147751355,36699318,True,False
39043,Erie,Erie County,OH,Ohio,39,043,01074034,06,650833153,969939816,True,False
39045,Fairfield,Fairfield County,OH,Ohio,39,045,01074035,06,1306299917,10869534,True,False
39047,Fayette,Fayette County,OH,Ohio,39,047,01074036,06,1052469886,1694038,True,False
39049,Franklin,Franklin County,OH,Ohio,39,049,01074037,06,1378952503,29018708,True,False
39051,Fulton,Fulton County,OH,Ohio,39,051,01074038,06,1050110446,4579039,True,False
39053,Gallia,Gallia County,OH,Ohio,39,053,01074039,06,1208305869,12087309,True,False
39055,Geauga,Geauga County,OH,Ohio,39,055,01074040,06,1037134792,20674141,True,False
39057,Greene,Greene County,OH,Ohio,39,057,01074041,06,1071302625,6798109,True,False
39059,Guernsey,Guernsey County,OH,Ohio,39,059,01074042,06,1352599514,15666081,True,False
39061,Hamilton,Hamilton County,OH,Ohio,39,061,01074043,06,1050120459,18612564,True,False
39063,Hancock,Hancock County,OH,Ohio,39,063,01074044,06,1376122056,6024245,True,False
39065,Hardin,Hardin County,OH,Ohio,39,065,01074045,06,1218033118,630279,True,False
39067,Harrison,Harrison County,OH,Ohio,39,067,01074046,06,1042032639,21847163,True,False
39069,Henry,Henry County,OH,Ohio,39,069,01074047,06,1077469004,9680060,True,False
39071,Highland,Highland County,OH,Ohio,39,071,01074048,06,1432479977,12194983,True,False
39073,Hocking,Hocking County,OH,Ohio,39,073,01074049,06,1091289822,5955974,True,False
39075,Holmes,Holmes County,OH,Ohio,39,075,01074050,06,1094566304,3694365,True,False
39077,Huron,Huron County,OH,Ohio,39,077,01074051,06,1274906336,8626249,True,False
39079,Jackson,Jackson County,OH,Ohio,39,079,01074052,06,1088598927,3167846,True,False
39081,Jefferson,Jefferson County,OH,Ohio,39,081,01074053,06,1057037098,7335056,True,False
39083,Knox,Knox County,OH,Ohio,39,083,01074054,06,1361036423,10721050,True,False
39085,Lake,Lake County,OH,Ohio,39,085,01074055,06,594129620,1942308103,True,False
39087,Lawrence,Lawrence County,OH,Ohio,39,087,01074056,06,1174285730,10026362,True,False
39089,Licking,Licking County,OH,Ohio,39,089,01074057,06,1767486181,12753670,True,False
39091,Logan,Logan County,OH,Ohio,39,091,01074058,06,1187529021,21588083,True,False
39093,Lorain,Lorain County,OH,Ohio,39,093,01074059,06,1270483158,1119495059,True,False
39095,Lucas,Lucas County,OH,Ohio,39,095,01074060,06,879736348,663476626,True,False
39097,Madison,Madison County,OH,Ohio,39,097,01074061,06,1208715720,2129636,True,False
39099,Mahoning,Mahoning County,OH,Ohio,39,099,01074062,06,1065833169,35542847,True,False
39101,Marion,Marion County,OH,Ohio,39,101,01074063,06,1045855309,908577,True,False
39103,Medina,Medina County,OH,Ohio,39,103,01074064,06,1091573519,4193803,True,False
39105,Meigs,Meigs County,OH,Ohio,39,105,01074065,06,1113957874,7519818,True,False
39107,Mercer,Mercer County,OH,Ohio,39,107,01074066,06,1197732209,28431995,True,False
39109,Miami,Miami County,OH,Ohio,39,109,01074067,06,1053040429,7924793,True,False
39111,Monroe,Monroe County,OH,Ohio,39,111,01074068,06,1179949519,4488375,True,False
39113,Montgomery,Montgomery County,OH,Ohio,39,113,01074069,06,1194897299,7492172,True,False
39115,Morgan,Morgan County,OH,Ohio,39,115,01074070,06,1078538280,13868572,True,False
39117,Morrow,Morrow County,OH,Ohio,39,117,01074071,06,1051881044,2819351,True,False
39119,Muskingum,Muskingum County,OH,Ohio,39,119,01074072,06,1721165819,20823923,True,False
39121,Noble,Noble County,OH,Ohio,39,121,01074073,06,1030735773,16984489,True,False
39123,Ottawa,Ottawa County,OH,Ohio,39,123,01074074,06,659630330,855711441,True,False
39125,Paulding,Paulding County,OH,Ohio,39,125,01074075,06,1078563693,6242939,True,False
39127,Perry,Perry County,OH,Ohio,39,127,01074076,06,1056560150,11774320,True,False
39129,Pickaway,Pickaway County,OH,Ohio,39,129,01074077,06,1298270767,13694541,True,False
39131,Pike,Pike County,OH,Ohio,39,131,01074078,06,1140325073,9566957,True,False
39133,Portage,Portage County,OH,Ohio,39,133,01074079,06,1262500481,43060220,True,False
39135,Preble,Preble County,OH,Ohio,39,135,01074080,06,1098741137,6062721,True,False
39137,Putnam,Putnam County,OH,Ohio,39,137,01074081,06,1249784142,4544339,True,False
39139,Richland,Richland County,OH,Ohio,39,139,01074082,06,1282631596,12560134,True,False
39141,Ross,Ross County,OH,Ohio,39,141,01074083,06,1784931095,9994410,True,False
39143,Sandusky,Sandusky County,OH,Ohio,39,143,01074084,06,1057352836,24511837,True,False
39145,Scioto,Scioto County,OH,Ohio,39,145,01074085,06,1580293393,16072294,True,False
39147,Seneca,Seneca County,OH,Ohio,39,147,01074086,06,1427151724,4576816,True,False
39149,Shelby,Shelby County,OH,Ohio,39,149,01074087,06,1055914218,7811001,True,False
39151,Stark,Stark County,OH,Ohio,39,151,01065576,06,1489087345,13606591,True,False
39153,Summit,Summit County,OH,Ohio,39,153,01074088,06,1068850952,18982378,True,False
39155,Trumbull,Trumbull County,OH,Ohio,39,155,01074089,06,1599556452,47773885,True,False
39157,Tuscarawas,Tuscarawas County,OH,Ohio,39,157,01074090,06,1470097268,10250140,True,False
39159,Union,Union County,OH,Ohio,39,159,01074091,06,1118131407,13415724,True,False
39161,Van Wert,Van Wert County,OH,Ohio,39,161,01074092,06,1059692858,3287921,True,False
39163,Vinton,Vinton County,OH,Ohio,39,163,01074093,06,1068008168,6781751,True,False
39165,Warren,Warren County,OH,Ohio,39,165,01074094,06,1039659283,15711767,True,False
39167,Washington,Washington County,OH,Ohio,39,167,01074095,06,1637293170,20665052,True,False
39169,Wayne,Wayne County,OH,Ohio,39,169,01074096,06,1437488513,5040384,True,False
39171,Williams,Williams County,OH,Ohio,39,171,01074097,06,1089504761,6298923,True,False
39173,Wood,Wood County,OH,Ohio,39,173,01074098,06,1598454612,8706879,True,False
39175,Wyandot,Wyandot County,OH,Ohio,39,175,01074099,06,1053812244,1783532,True,False
40001,Adair,Adair County,OK,Oklahoma,40,001,01101788,06,1486345558,8864933,True,False
40003,Alfalfa,Alfalfa County,OK,Oklahoma,40,003,01101789,06,2244392664,38546676,True,False
40005,Atoka,Atoka County,OK,Oklahoma,40,005,01101790,06,2526413615,37268120,True,False
40007,Beaver,Beaver County,OK,Oklahoma,40,007,01101791,06,4700407091,7347161,True,False
40009,Beckham,Beckham County,OK,Oklahoma,40,009,01101792,06,2335328722,5521744,True,False
40011,Blaine,Blaine County,OK,Oklahoma,40,011,01101793,06,2404706846,26921320,True,False
40013,Bryan,Bryan County,OK,Oklahoma,40,013,01101794,06,2342251263,101807803,True,False
40015,Caddo,Caddo County,OK,Oklahoma,40,015,01101795,06,3309366440,32099077,True,False
40017,Canadian,Canadian County,OK,Oklahoma,40,017,01101796,06,2322127928,23131579,True,False
40019,Carter,Carter County,OK,Oklahoma,40,019,01101797,06,2129750449,29733323,True,False
40021,Cherokee,Cherokee County,OK,Oklahoma,40,021,01101798,06,1940229532,69660639,True,False
40023,Choctaw,Choctaw County,OK,Oklahoma,40,023,01101799,06,1995281898,75475686,True,False
40025,Cimarron,Cimarron County,OK,Oklahoma,40,025,01101800,06,4752131826,15923999,True,False
40027,Cleveland,Cleveland County,OK,Oklahoma,40,027,01101801,06,1395767206,49207240,True,False
40029,Coal,Coal County,OK,Oklahoma,40,029,01101802,06,1338434462,12075986,True,False
40031,Comanche,Comanche County,OK,Oklahoma,40,031,01101803,06,2769531010,37661894,True,False
40033,Cotton,Cotton County,OK,Oklahoma,40,033,01101804,06,1638523153,23986260,True,False
40035,Craig,Craig County,OK,Oklahoma,40,035,01101805,06,1971665628,3626706,True,False
40037,Creek,Creek County,OK,Oklahoma,40,037,01101806,06,2460215786,50816260,True,False
40039,Custer,Custer County,OK,Oklahoma,40,039,01101807,06,2560924936,34326632,True,False
40041,Delaware,Delaware County,OK,Oklahoma,40,041,01101808,06,1910765789,140496501,True,False
40043,Dewey,Dewey County,OK,Oklahoma,40,043,01101809,06,2589024032,22668882,True,False
40045,Ellis,Ellis County,OK,Oklahoma,40,045,01101810,06,3189509978,952235,True,False
40047,Garfield,Garfield County,OK,Oklahoma,40,047,01101811,06,2741521321,4075930,True,False
40049,Garvin,Garvin County,OK,Oklahoma,40,049,01101812,06,2077548907,30017504,True,False
40051,Grady,Grady County,OK,Oklahoma,40,051,01101813,06,2850386657,11374380,True,False
40053,Grant,Grant County,OK,Oklahoma,40,053,01101814,06,2591904433,7042653,True,False
40055,Greer,Greer County,OK,Oklahoma,40,055,01101815,06,1655740232,11148547,True,False
40057,Harmon,Harmon County,OK,Oklahoma,40,057,01101816,06,1391491973,3800411,True,False
40059,Harper,Harper County,OK,Oklahoma,40,059,01101817,06,2689919587,5259447,True,False
40061,Haskell,Haskell County,OK,Oklahoma,40,061,01101818,06,1493711224,126247870,True,False
40063,Hughes,Hughes County,OK,Oklahoma,40,063,01101819,06,2083575246,26461993,True,False
40065,Jackson,Jackson County,OK,Oklahoma,40,065,01101820,06,2078860497,4114418,True,False
40067,Jefferson,Jefferson County,OK,Oklahoma,40,067,01101821,06,1965685987,39417589,True,False
40069,Johnston,Johnston County,OK,Oklahoma,40,069,01101822,06,1665492479,39645099,True,False
40071,Kay,Kay County,OK,Oklahoma,40,071,01101823,06,2381778881,65545215,True,False
40073,Kingfisher,Kingfisher County,OK,Oklahoma,40,073,01101824,06,2326048560,20569584,True,False
40075,Kiowa,Kiowa County,OK,Oklahoma,40,075,01101825,06,2629039892,40296743,True,False
40077,Latimer,Latimer County,OK,Oklahoma,40,077,01101826,06,1870264428,18222341,True,False
40079,Le Flore,Le Flore County,OK,Oklahoma,40,079,01101827,06,4116601316,49706582,True,False
40081,Lincoln,Lincoln County,OK,Oklahoma,40,081,01101828,06,2466633130,34719299,True,False
40083,Logan,Logan County,OK,Oklahoma,40,083,01101829,06,1926294789,13176989,True,False
40085,Love,Love County,OK,Oklahoma,40,085,01101830,06,1331031195,47500219,True,False
40087,McClain,McClain County,OK,Oklahoma,40,087,01101834,06,1478156679,24706038,True,False
40089,McCurtain,McCurtain County,OK,Oklahoma,40,089,01101835,06,4793503043,133936249,True,False
40091,McIntosh,McIntosh County,OK,Oklahoma,40,091,01101836,06,1601369690,242857176,True,False
40093,Major,Major County,OK,Oklahoma,40,093,01101831,06,2473438577,7651009,True,False
40095,Marshall,Marshall County,OK,Oklahoma,40,095,01101832,06,962153982,143719930,True,False
40097,Mayes,Mayes County,OK,Oklahoma,40,097,01101833,06,1697286671,73073740,True,False
40099,Murray,Murray County,OK,Oklahoma,40,099,01101837,06,1078405796,22710693,True,False
40101,Muskogee,Muskogee County,OK,Oklahoma,40,101,01101838,06,2099556315,76069746,True,False
40103,Noble,Noble County,OK,Oklahoma,40,103,01101839,06,1895126494,28100441,True,False
40105,Nowata,Nowata County,OK,Oklahoma,40,105,01101840,06,1465460404,38903890,True,False
40107,Okfuskee,Okfuskee County,OK,Oklahoma,40,107,01101841,06,1601800031,26649343,True,False
40109,Oklahoma,Oklahoma County,OK,Oklahoma,40,109,01101842,06,1836043258,24713348,True,False
40111,Okmulgee,Okmulgee County,OK,Oklahoma,40,111,01101843,06,1806369916,12960866,True,False
40113,Osage,Osage County,OK,Oklahoma,40,113,01101844,06,5818886089,148522835,True,False
40115,Ottawa,Ottawa County,OK,Oklahoma,40,115,01101845,06,1219410531,35714103,True,False
40117,Pawnee,Pawnee County,OK,Oklahoma,40,117,01101846,06,1472027963,68849518,True,False
40119,Payne,Payne County,OK,Oklahoma,40,119,01101847,06,1773885843,31991880,True,False
40121,Pittsburg,Pittsburg County,OK,Oklahoma,40,121,01101848,06,3381261513,187443330,True,False
40123,Pontotoc,Pontotoc County,OK,Oklahoma,40,123,01101849,06,1865705450,12725534,True,False
40125,Pottawatomie,Pottawatomie County,OK,Oklahoma,40,125,01101850,06,2040435223,14786082,True,False
40127,Pushmataha,Pushmataha County,OK,Oklahoma,40,127,01101851,06,3614558573,69862774,True,False
40129,Roger Mills,Roger Mills County,OK,Oklahoma,40,129,01101852,06,2955524816,13688537,True,False
40131,Rogers,Rogers County,OK,Oklahoma,40,131,01101853,06,1750176501,92946097,True,False
40133,Seminole,Seminole County,OK,Oklahoma,40,133,01101854,06,1638993888,19960707,True,False
40135,Sequoyah,Sequoyah County,OK,Oklahoma,40,135,01101855,06,1744550842,105076072,True,False
40137,Stephens,Stephens County,OK,Oklahoma,40,137,01101856,06,2253839329,54824750,True,False
40139,Texas,Texas County,OK,Oklahoma,40,139,01101857,06,5286923170,19169341,True,False
40141,Tillman,Tillman County,OK,Oklahoma,40,141,01101858,06,2256226950,20895054,True,False
40143,Tulsa,Tulsa County,OK,Oklahoma,40,143,01101859,06,1476919088,42923482,True,False
40145,Wagoner,Wagoner County,OK,Oklahoma,40,145,01101860,06,1455356135,74815302,True,False
40147,Washington,Washington County,OK,Oklahoma,40,147,01101861,06,1076201514,22871165,True,False
40149,Washita,Washita County,OK,Oklahoma,40,149,01101862,06,2597989571,14579003,True,False
40151,Woods,Woods County,OK,Oklahoma,40,151,01101863,06,3331971784,9081295,True,False
40153,Woodward,Woodward County,OK,Oklahoma,40,153,01101864,06,3218801192,9693573,True,False
41001,Baker,Baker County,OR,Oregon,41,001,01135845,06,7945997815,51831633,True,False
41003,Benton,Benton County,OR,Oregon,41,003,01155126,06,1748781835,7655317,True,False
41005,Clackamas,Clackamas County,OR,Oregon,41,005,01155127,06,4845121456,31861089,True,False
41007,Clatsop,Clatsop County,OR,Oregon,41,007,01135846,06,2145134305,661367181,True,False
41009,Columbia,Columbia County,OR,Oregon,41,009,01135847,06,1705989599,78475793,True,False
41011,Coos,Coos County,OR,Oregon,41,011,01135848,06,4133753719,544687804,True,False
41013,Crook,Crook County,OR,Oregon,41,013,01155128,06,7715399764,20995585,True,False
41015,Curry,Curry County,OR,Oregon,41,015,01155129,06,4217523680,934580666,True,False
41017,Deschutes,Deschutes County,OR,Oregon,41,017,01155130,06,7815573278,94727627,True,False
41019,Douglas,Douglas County,OR,Oregon,41,019,01135849,06,13042545736,251754374,True,False
41021,Gilliam,Gilliam County,OR,Oregon,41,021,01135850,06,3120213762,46914702,True,False
41023,Grant,Grant County,OR,Oregon,41,023,01135851,06,11726925885,1893807,True,False
41025,Harney,Harney County,OR,Oregon,41,025,01135852,06,26248128949,241512209,True,False
41027,Hood River,Hood River County,OR,Oregon,41,027,01155131,06,1352477354,29044350,True,False
41029,Jackson,Jackson County,OR,Oregon,41,029,01135853,06,7208596398,46767956,True,False
41031,Jefferson,Jefferson County,OR,Oregon,41,031,01155132,06,4614570975,26212115,True,False
41033,Josephine,Josephine County,OR,Oregon,41,033,01155133,06,4244080749,5631773,True,False
41035,Klamath,Klamath County,OR,Oregon,41,035,01155134,06,15410161575,485164893,True,False
41037,Lake,Lake County,OR,Oregon,41,037,01135854,06,21078901115,568489460,True,False
41039,Lane,Lane County,OR,Oregon,41,039,01135855,06,11795044812,436058217,True,False
41041,Lincoln,Lincoln County,OR,Oregon,41,041,01135856,06,2540749718,553128891,True,False
41043,Linn,Linn County,OR,Oregon,41,043,01135857,06,5929797331,50146297,True,False
41045,Malheur,Malheur County,OR,Oregon,41,045,01135858,06,25609041961,109006699,True,False
41047,Marion,Marion County,OR,Oregon,41,047,01135859,06,3058360784,26468479,True,False
41049,Morrow,Morrow County,OR,Oregon,41,049,01135860,06,5259046262,44372727,True,False
41051,Multnomah,Multnomah County,OR,Oregon,41,051,01135861,06,1116316722,88049891,True,False
41053,Polk,Polk County,OR,Oregon,41,053,01135862,06,1918983622,8331775,True,False
41055,Sherman,Sherman County,OR,Oregon,41,055,01135863,06,2133151631,19617472,True,False
41057,Tillamook,Tillamook County,OR,Oregon,41,057,01135864,06,2857236639,593685168,True,False
41059,Umatilla,Umatilla County,OR,Oregon,41,059,01156673,06,8327976986,41618632,True,False
41061,Union,Union County,OR,Oregon,41,061,01164165,06,5275651503,4936782,True,False
41063,Wallowa,Wallowa County,OR,Oregon,41,063,01155135,06,8147835334,14191752,True,False
41065,Wasco,Wasco County,OR,Oregon,41,065,01155136,06,6167070395,35741911,True,False
41067,Washington,Washington County,OR,Oregon,41,067,01155137,06,1875855597,6118186,True,False
41069,Wheeler,Wheeler County,OR,Oregon,41,069,01135865,06,4444475010,1241033,True,False
41071,Yamhill,Yamhill County,OR,Oregon,41,071,01135866,06,1854269940,6382616,True,False
42001,Adams,Adams County,PA,Pennsylvania,42,001,01213656,06,1343104813,8147590,True,False
42003,Allegheny,Allegheny County,PA,Pennsylvania,42,003,01213657,06,1890567447,37048381,True,False
42005,Armstrong,Armstrong County,PA,Pennsylvania,42,005,01213658,06,1692093660,27586719,True,False
42007,Beaver,Beaver County,PA,Pennsylvania,42,007,01214112,06,1125854809,24162293,True,False
42009,Bedford,Bedford County,PA,Pennsylvania,42,009,01209171,06,2621042814,11994012,True,False
42011,Berks,Berks County,PA,Pennsylvania,42,011,01209172,06,2218077225,24220127,True,False
42013,Blair,Blair County,PA,Pennsylvania,42,013,01213659,06,1359916303,3294804,True,False
42015,Bradford,Bradford County,PA,Pennsylvania,42,015,01213660,06,2971688852,35331261,True,False
42017,Bucks,Bucks County,PA,Pennsylvania,42,017,01209173,06,1565482375,45320537,True,False
42019,Butler,Butler County,PA,Pennsylvania,42,019,01213661,06,2044750103,16004632,True,False
42021,Cambria,Cambria County,PA,Pennsylvania,42,021,01213662,06,1781816299,13645124,True,False
42023,Cameron,Cameron County,PA,Pennsylvania,42,023,01213663,06,1026241974,5651188,True,False
42025,Carbon,Carbon County,PA,Pennsylvania,42,025,01213664,06,987706483,15918751,True,False
42027,Centre,Centre County,PA,Pennsylvania,42,027,01214720,06,2867787629,11295680,True,False
42029,Chester,Chester County,PA,Pennsylvania,42,029,01209174,06,1943922308,22395764,True,False
42031,Clarion,Clarion County,PA,Pennsylvania,42,031,01210234,06,1556156936,23330903,True,False
42033,Clearfield,Clearfield County,PA,Pennsylvania,42,033,01209175,06,2965691644,24125719,True,False
42035,Clinton,Clinton County,PA,Pennsylvania,42,035,01214721,06,2304129980,23182058,True,False
42037,Columbia,Columbia County,PA,Pennsylvania,42,037,01213665,06,1251636166,18574480,True,False
42039,Crawford,Crawford County,PA,Pennsylvania,42,039,01213666,06,2621989181,65388878,True,False
42041,Cumberland,Cumberland County,PA,Pennsylvania,42,041,01209176,06,1412794359,12664178,True,False
42043,Dauphin,Dauphin County,PA,Pennsylvania,42,043,01213667,06,1359407362,86047350,True,False
42045,Delaware,Delaware County,PA,Pennsylvania,42,045,01209177,06,476060051,17591825,True,False
42047,Elk,Elk County,PA,Pennsylvania,42,047,01213668,06,2141664028,12792134,True,False
42049,Erie,Erie County,PA,Pennsylvania,42,049,01209178,06,2069152928,1966263897,True,False
42051,Fayette,Fayette County,PA,Pennsylvania,42,051,01209179,06,2048053995,20636974,True,False
42053,Forest,Forest County,PA,Pennsylvania,42,053,01213669,06,1106595596,8369676,True,False
42055,Franklin,Franklin County,PA,Pennsylvania,42,055,01213670,06,2000193444,1553435,True,False
42057,Fulton,Fulton County,PA,Pennsylvania,42,057,01213671,06,1133252798,1305486,True,False
42059,Greene,Greene County,PA,Pennsylvania,42,059,01214033,06,1491658046,5296803,True,False
42061,Huntingdon,Huntingdon County,PA,Pennsylvania,42,061,01213672,06,2265182331,37851956,True,False
42063,Indiana,Indiana County,PA,Pennsylvania,42,063,01213673,06,2142939379,18085569,True,False
42065,Jefferson,Jefferson County,PA,Pennsylvania,42,065,01213674,06,1689811407,11294609,True,False
42067,Juniata,Juniata County,PA,Pennsylvania,42,067,01209180,06,1013697485,5502986,True,False
42069,Lackawanna,Lackawanna County,PA,Pennsylvania,42,069,01213675,06,1188514795,15902853,True,False
42071,Lancaster,Lancaster County,PA,Pennsylvania,42,071,01209181,06,2444751650,103368817,True,False
42073,Lawrence,Lawrence County,PA,Pennsylvania,42,073,01213676,06,925643090,11372291,True,False
42075,Lebanon,Lebanon County,PA,Pennsylvania,42,075,01214034,06,937148927,1722125,True,False
42077,Lehigh,Lehigh County,PA,Pennsylvania,42,077,01209182,06,894414858,7450564,True,False
42079,Luzerne,Luzerne County,PA,Pennsylvania,42,079,01209183,06,2304589524,42011601,True,False
42081,Lycoming,Lycoming County,PA,Pennsylvania,42,081,01213677,06,3182887151,38917209,True,False
42083,McKean,McKean County,PA,Pennsylvania,42,083,01210235,06,2537396735,13033864,True,False
42085,Mercer,Mercer County,PA,Pennsylvania,42,085,01213678,06,1741866411,25964036,True,False
42087,Mifflin,Mifflin County,PA,Pennsylvania,42,087,01213679,06,1064581430,9507557,True,False
42089,Monroe,Monroe County,PA,Pennsylvania,42,089,01209184,06,1575647528,22664084,True,False
42091,Montgomery,Montgomery County,PA,Pennsylvania,42,091,01213680,06,1250800652,10999407,True,False
42093,Montour,Montour County,PA,Pennsylvania,42,093,01213681,06,337556585,5174319,True,False
42095,Northampton,Northampton County,PA,Pennsylvania,42,095,01209185,06,957743868,19060207,True,False
42097,Northumberland,Northumberland County,PA,Pennsylvania,42,097,01209186,06,1185380640,50638539,True,False
42099,Perry,Perry County,PA,Pennsylvania,42,099,01213682,06,1428247598,10591133,True,False
42101,Philadelphia,Philadelphia County,PA,Pennsylvania,42,101,01209187,06,347900745,20969567,True,False
42103,Pike,Pike County,PA,Pennsylvania,42,103,01213683,06,1411273942,56779544,True,False
42105,Potter,Potter County,PA,Pennsylvania,42,105,01213684,06,2800422689,558970,True,False
42107,Schuylkill,Schuylkill County,PA,Pennsylvania,42,107,01213685,06,2017009022,10321176,True,False
42109,Snyder,Snyder County,PA,Pennsylvania,42,109,01213686,06,851547197,7158854,True,False
42111,Somerset,Somerset County,PA,Pennsylvania,42,111,01209188,06,2784359433,17101197,True,False
42113,Sullivan,Sullivan County,PA,Pennsylvania,42,113,01213687,06,1165337810,6617028,True,False
42115,Susquehanna,Susquehanna County,PA,Pennsylvania,42,115,01213688,06,2132840104,22389171,True,False
42117,Tioga,Tioga County,PA,Pennsylvania,42,117,01209189,06,2936765817,8279717,True,False
42119,Union,Union County,PA,Pennsylvania,42,119,01213689,06,818323669,4611409,True,False
42121,Venango,Venango County,PA,Pennsylvania,42,121,01213690,06,1746337769,22149577,True,False
42123,Warren,Warren County,PA,Pennsylvania,42,123,01213691,06,2290308796,37339464,True,False
42125,Washington,Washington County,PA,Pennsylvania,42,125,01209190,06,2219644651,9945723,True,False
42127,Wayne,Wayne County,PA,Pennsylvania,42,127,01213692,06,1879734049,64785689,True,False
42129,Westmoreland,Westmoreland County,PA,Pennsylvania,42,129,01209191,06,2661763964,21288098,True,False
42131,Wyoming,Wyoming County,PA,Pennsylvania,42,131,01209192,06,1028894324,20019505,True,False
42133,York,York County,PA,Pennsylvania,42,133,01209193,06,2342261949,16503410,True,False
44001,Bristol,Bristol County,RI,Rhode Island,44,001,01219777,06,62500772,53359117,True,False
44003,Kent,Kent County,RI,Rhode Island,44,003,01219778,06,436588768,50686110,True,False
44005,Newport,Newport County,RI,Rhode Island,44,005,01219779,06,265294693,547000887,True,False
44007,Providence,Providence County,RI,Rhode Island,44,007,01219781,06,1060558464,67864195,True,False
44009,Washington,Washington County,RI,Rhode Island,44,009,01219782,06,852827600,604769731,True,False
45001,Abbeville,Abbeville County,SC,South Carolina,45,001,01245666,06,1272188745,53216416,True,False
45003,Aiken,Aiken County,SC,South Carolina,45,003,01247979,06,2773038892,24555794,True,False
45005,Allendale,Allendale County,SC,South Carolina,45,005,01247980,06,1056960701,11194313,True,False
45007,Anderson,Anderson County,SC,South Carolina,45,007,01247981,06,1848873639,108547580,True,False
45009,Bamberg,Bamberg County,SC,South Carolina,45,009,01247982,06,1018815101,5686290,True,False
45011,Barnwell,Barnwell County,SC,South Carolina,45,011,01247983,06,1420305103,22997961,True,False
45013,Beaufort,Beaufort County,SC,South Carolina,45,013,01247984,06,1491889127,900045223,True,False
45015,Berkeley,Berkeley County,SC,South Carolina,45,015,01247985,06,2858335679,339019658,True,False
45017,Calhoun,Calhoun County,SC,South Carolina,45,017,01247986,06,987164243,29365859,True,False
45019,Charleston,Charleston County,SC,South Carolina,45,019,01252740,06,2377988545,1162356386,True,False
45021,Cherokee,Cherokee County,SC,South Carolina,45,021,01247987,06,1017779531,11794021,True,False
45023,Chester,Chester County,SC,South Carolina,45,023,01247988,06,1504432381,14514845,True,False
45025,Chesterfield,Chesterfield County,SC,South Carolina,45,025,01247989,06,2069364023,17265236,True,False
45027,Clarendon,Clarendon County,SC,South Carolina,45,027,01247990,06,1572660721,229093475,True,False
45029,Colleton,Colleton County,SC,South Carolina,45,029,01247991,06,2736346212,196858156,True,False
45031,Darlington,Darlington County,SC,South Carolina,45,031,01247992,06,1452022422,14563154,True,False
45033,Dillon,Dillon County,SC,South Carolina,45,033,01247993,06,1049143223,4515866,True,False
45035,Dorchester,Dorchester County,SC,South Carolina,45,035,01247998,06,1472130993,6775985,True,False
45037,Edgefield,Edgefield County,SC,South Carolina,45,037,01247999,06,1296776318,16307326,True,False
45039,Fairfield,Fairfield County,SC,South Carolina,45,039,01248000,06,1777525443,61045167,True,False
45041,Florence,Florence County,SC,South Carolina,45,041,01248001,06,2073166821,9899580,True,False
45043,Georgetown,Georgetown County,SC,South Carolina,45,043,01248002,06,2107383728,550477432,True,False
45045,Greenville,Greenville County,SC,South Carolina,45,045,01245489,06,2035584628,24947053,True,False
45047,Greenwood,Greenwood County,SC,South Carolina,45,047,01248003,06,1180013604,21255542,True,False
45049,Hampton,Hampton County,SC,South Carolina,45,049,01248004,06,1450327688,7072733,True,False
45051,Horry,Horry County,SC,South Carolina,45,051,01248005,06,2934846232,314878229,True,False
45053,Jasper,Jasper County,SC,South Carolina,45,053,01248006,06,1696790801,120163760,True,False
45055,Kershaw,Kershaw County,SC,South Carolina,45,055,01248007,06,1881916509,35348695,True,False
45057,Lancaster,Lancaster County,SC,South Carolina,45,057,01248008,06,1422349847,15704470,True,False
45059,Laurens,Laurens County,SC,South Carolina,45,059,01248009,06,1846335748,26052637,True,False
45061,Lee,Lee County,SC,South Carolina,45,061,01245652,06,1062378291,2709092,True,False
45063,Lexington,Lexington County,SC,South Carolina,45,063,01244251,06,1809230947,151630912,True,False
45065,McCormick,McCormick County,SC,South Carolina,45,065,01248012,06,929521238,89977092,True,False
45067,Marion,Marion County,SC,South Carolina,45,067,01248010,06,1267466472,12418901,True,False
45069,Marlboro,Marlboro County,SC,South Carolina,45,069,01248011,06,1242867248,14489019,True,False
45071,Newberry,Newberry County,SC,South Carolina,45,071,01248013,06,1632569400,44077688,True,False
45073,Oconee,Oconee County,SC,South Carolina,45,073,01244832,06,1622868957,121638261,True,False
45075,Orangeburg,Orangeburg County,SC,South Carolina,45,075,01248014,06,2865509337,55697625,True,False
45077,Pickens,Pickens County,SC,South Carolina,45,077,01248015,06,1287095068,40933025,True,False
45079,Richland,Richland County,SC,South Carolina,45,079,01249299,06,1961420505,37960911,True,False
45081,Saluda,Saluda County,SC,South Carolina,45,081,01248016,06,1173817178,22979792,True,False
45083,Spartanburg,Spartanburg County,SC,South Carolina,45,083,01248592,06,2093774834,29428928,True,False
45085,Sumter,Sumter County,SC,South Carolina,45,085,01244717,06,1722544867,44046815,True,False
45087,Union,Union County,SC,South Carolina,45,087,01248017,06,1330228699,4488751,True,False
45089,Williamsburg,Williamsburg County,SC,South Carolina,45,089,01248018,06,2419477850,7461200,True,False
45091,York,York County,SC,South Carolina,45,091,01248019,06,1762763980,38995688,True,False
46003,Aurora,Aurora County,SD,South Dakota,46,003,01266983,06,1834902864,11201379,True,False
46005,Beadle,Beadle County,SD,South Dakota,46,005,01266986,06,3260011485,15834717,True,False
46007,Bennett,Bennett County,SD,South Dakota,46,007,01265812,06,3068208298,15044356,True,False
46009,Bon Homme,Bon Homme County,SD,South Dakota,46,009,01266997,06,1459586276,46799495,True,False
46011,Brookings,Brookings County,SD,South Dakota,46,011,01265779,06,2051833292,32942236,True,False
46013,Brown,Brown County,SD,South Dakota,46,013,01265785,06,4436728197,46414570,True,False
46015,Brule,Brule County,SD,South Dakota,46,015,01265768,06,2116594418,75770829,True,False
46017,Buffalo,Buffalo County,SD,South Dakota,46,017,01265767,06,1220933806,42362357,True,False
46019,Butte,Butte County,SD,South Dakota,46,019,01265793,06,5827498564,42750488,True,False
46021,Campbell,Campbell County,SD,South Dakota,46,021,01266974,06,1900447672,96010194,True,False
46023,Charles Mix,Charles Mix County,SD,South Dakota,46,023,01266976,06,2841580912,137517024,True,False
46025,Clark,Clark County,SD,South Dakota,46,025,01266985,06,2479944304,25864874,True,False
46027,Clay,Clay County,SD,South Dakota,46,027,01265764,06,1067132261,13978087,True,False
46029,Codington,Codington County,SD,South Dakota,46,029,01265791,06,1780837002,76608853,True,False
46031,Corson,Corson County,SD,South Dakota,46,031,01265811,06,6396478594,155287098,True,False
46033,Custer,Custer County,SD,South Dakota,46,033,01265788,06,4032464143,5490769,True,False
46035,Davison,Davison County,SD,South Dakota,46,035,01266980,06,1128285061,3404450,True,False
46037,Day,Day County,SD,South Dakota,46,037,01265790,06,2663775896,162141021,True,False
46039,Deuel,Deuel County,SD,South Dakota,46,039,01265781,06,1612885717,35935423,True,False
46041,Dewey,Dewey County,SD,South Dakota,46,041,01266994,06,5963127472,370089902,True,False
46043,Douglas,Douglas County,SD,South Dakota,46,043,01266978,06,1118358781,4832944,True,False
46045,Edmunds,Edmunds County,SD,South Dakota,46,045,01266972,06,2916275921,64969684,True,False
46047,Fall River,Fall River County,SD,South Dakota,46,047,01265787,06,4506292113,24021148,True,False
46049,Faulk,Faulk County,SD,South Dakota,46,049,01265760,06,2542625556,62622903,True,False
46051,Grant,Grant County,SD,South Dakota,46,051,01265782,06,1764937283,15765681,True,False
46053,Gregory,Gregory County,SD,South Dakota,46,053,01265765,06,2628707540,99900744,True,False
46055,Haakon,Haakon County,SD,South Dakota,46,055,01266988,06,4689279888,42452623,True,False
46057,Hamlin,Hamlin County,SD,South Dakota,46,057,01265766,06,1313307527,80291058,True,False
46059,Hand,Hand County,SD,South Dakota,46,059,01265783,06,3720862891,9284294,True,False
46061,Hanson,Hanson County,SD,South Dakota,46,061,01266979,06,1125562865,2003166,True,False
46063,Harding,Harding County,SD,South Dakota,46,063,01265792,06,6919333289,16954253,True,False
46065,Hughes,Hughes County,SD,South Dakota,46,065,01265774,06,1920546196,153323261,True,False
46067,Hutchinson,Hutchinson County,SD,South Dakota,46,067,01265771,06,2105694662,3644220,True,False
46069,Hyde,Hyde County,SD,South Dakota,46,069,01266984,06,2229019408,14541548,True,False
46071,Jackson,Jackson County,SD,South Dakota,46,071,01265794,06,4827433507,19106096,True,False
46073,Jerauld,Jerauld County,SD,South Dakota,46,073,01265778,06,1362677260,16727973,True,False
46075,Jones,Jones County,SD,South Dakota,46,075,01266981,06,2511427860,3147180,True,False
46077,Kingsbury,Kingsbury County,SD,South Dakota,46,077,01265780,06,2155483580,81655106,True,False
46079,Lake,Lake County,SD,South Dakota,46,079,01265776,06,1457916151,31746795,True,False
46081,Lawrence,Lawrence County,SD,South Dakota,46,081,01266996,06,2072127358,667509,True,False
46083,Lincoln,Lincoln County,SD,South Dakota,46,083,01265769,06,1495182110,1179561,True,False
46085,Lyman,Lyman County,SD,South Dakota,46,085,01265789,06,4253498698,167300444,True,False
46087,McCook,McCook County,SD,South Dakota,46,087,01265773,06,1487184884,6895715,True,False
46089,McPherson,McPherson County,SD,South Dakota,46,089,01265762,06,2943956443,38506560,True,False
46091,Marshall,Marshall County,SD,South Dakota,46,091,01265759,06,2170630058,124680567,True,False
46093,Meade,Meade County,SD,South Dakota,46,093,01266991,06,8989677173,30742173,True,False
46095,Mellette,Mellette County,SD,South Dakota,46,095,01267177,06,3385920521,9210222,True,False
46097,Miner,Miner County,SD,South Dakota,46,097,01265777,06,1476734132,4537900,True,False
46099,Minnehaha,Minnehaha County,SD,South Dakota,46,099,01265772,06,2089757021,18133229,True,False
46101,Moody,Moody County,SD,South Dakota,46,101,01265775,06,1345185721,3690537,True,False
46102,Oglala Lakota,Oglala Lakota County,SD,South Dakota,46,102,01266992,06,5422402221,7126155,True,False
46103,Pennington,Pennington County,SD,South Dakota,46,103,01266995,06,7191788276,19926710,True,False
46105,Perkins,Perkins County,SD,South Dakota,46,105,01266990,06,7434457140,50539948,True,False
46107,Potter,Potter County,SD,South Dakota,46,107,01265761,06,2230336531,97172021,True,False
46109,Roberts,Roberts County,SD,South Dakota,46,109,01265786,06,2851720399,89929974,True,False
46111,Sanborn,Sanborn County,SD,South Dakota,46,111,01266977,06,1474329217,3132216,True,False
46115,Spink,Spink County,SD,South Dakota,46,115,01266987,06,3894043729,16165380,True,False
46117,Stanley,Stanley County,SD,South Dakota,46,117,01266998,06,3741071612,188383651,True,False
46119,Sully,Sully County,SD,South Dakota,46,119,01266982,06,2607411016,164375674,True,False
46121,Todd,Todd County,SD,South Dakota,46,121,01266989,06,3596439530,5855476,True,False
46123,Tripp,Tripp County,SD,South Dakota,46,123,01265784,06,4175808486,13340585,True,False
46125,Turner,Turner County,SD,South Dakota,46,125,01265770,06,1598188443,1636386,True,False
46127,Union,Union County,SD,South Dakota,46,127,01265763,06,1193354538,16502823,True,False
46129,Walworth,Walworth County,SD,South Dakota,46,129,01266973,06,1832300796,96288709,True,False
46135,Yankton,Yankton County,SD,South Dakota,46,135,01266975,06,1349873612,28676585,True,False
46137,Ziebach,Ziebach County,SD,South Dakota,46,137,01266993,06,5079608332,24212305,True,False
47001,Anderson,Anderson County,TN,Tennessee,47,001,01639722,06,873359908,19657734,True,False
47003,Bedford,Bedford County,TN,Tennessee,47,003,01639723,06,1226719753,2980759,True,False
47005,Benton,Benton County,TN,Tennessee,47,005,01639724,06,1021248367,108583505,True,False
47007,Bledsoe,Bledsoe County,TN,Tennessee,47,007,01639725,06,1052973469,858669,True,False
47009,Blount,Blount County,TN,Tennessee,47,009,01639726,06,1447398703,20209909,True,False
47011,Bradley,Bradley County,TN,Tennessee,47,011,01639727,06,851489206,6959141,True,False
47013,Campbell,Campbell County,TN,Tennessee,47,013,01639728,06,1243685307,46425147,True,False
47015,Cannon,Cannon County,TN,Tennessee,47,015,01648572,06,687992379,156144,True,False
47017,Carroll,Carroll County,TN,Tennessee,47,017,01639729,06,1547925980,6308712,True,False
47019,Carter,Carter County,TN,Tennessee,47,019,01639730,06,883931745,16593371,True,False
47021,Cheatham,Cheatham County,TN,Tennessee,47,021,01639731,06,783466438,11821692,True,False
47023,Chester,Chester County,TN,Tennessee,47,023,01639732,06,740053475,575590,True,False
47025,Claiborne,Claiborne County,TN,Tennessee,47,025,01639733,06,1125719727,17952086,True,False
47027,Clay,Clay County,TN,Tennessee,47,027,01648573,06,612608184,59089285,True,False
47029,Cocke,Cocke County,TN,Tennessee,47,029,01639734,06,1129592395,17924853,True,False
47031,Coffee,Coffee County,TN,Tennessee,47,031,01639735,06,1111010402,14479480,True,False
47033,Crockett,Crockett County,TN,Tennessee,47,033,01648574,06,687714873,545783,True,False
47035,Cumberland,Cumberland County,TN,Tennessee,47,035,01639736,06,1764581464,9092132,True,False
47037,Davidson,Davidson County,TN,Tennessee,47,037,01639737,06,1304112169,56341206,True,False
47039,Decatur,Decatur County,TN,Tennessee,47,039,01639739,06,864741777,28501002,True,False
47041,DeKalb,DeKalb County,TN,Tennessee,47,041,01639738,06,788475293,63639368,True,False
47043,Dickson,Dickson County,TN,Tennessee,47,043,01639740,06,1268833485,3679792,True,False
47045,Dyer,Dyer County,TN,Tennessee,47,045,01639741,06,1326982064,35839863,True,False
47047,Fayette,Fayette County,TN,Tennessee,47,047,01639742,06,1823673514,3692989,True,False
47049,Fentress,Fentress County,TN,Tennessee,47,049,01639743,06,1291385619,841022,True,False
47051,Franklin,Franklin County,TN,Tennessee,47,051,01639744,06,1436148699,55038670,True,False
47053,Gibson,Gibson County,TN,Tennessee,47,053,01639745,06,1561102696,2345193,True,False
47055,Giles,Giles County,TN,Tennessee,47,055,01639746,06,1582304898,642572,True,False
47057,Grainger,Grainger County,TN,Tennessee,47,057,01648575,06,726715759,56600343,True,False
47059,Greene,Greene County,TN,Tennessee,47,059,01639747,06,1611409726,5099752,True,False
47061,Grundy,Grundy County,TN,Tennessee,47,061,01639748,06,933545795,1755421,True,False
47063,Hamblen,Hamblen County,TN,Tennessee,47,063,01648576,06,417476230,37852325,True,False
47065,Hamilton,Hamilton County,TN,Tennessee,47,065,01639749,06,1404199889,86782108,True,False
47067,Hancock,Hancock County,TN,Tennessee,47,067,01648577,06,575816010,2988719,True,False
47069,Hardeman,Hardeman County,TN,Tennessee,47,069,01639750,06,1729509832,6768751,True,False
47071,Hardin,Hardin County,TN,Tennessee,47,071,01639751,06,1495684381,48706058,True,False
47073,Hawkins,Hawkins County,TN,Tennessee,47,073,01639752,06,1261468093,32541837,True,False
47075,Haywood,Haywood County,TN,Tennessee,47,075,01639753,06,1380741524,2472509,True,False
47077,Henderson,Henderson County,TN,Tennessee,47,077,01639754,06,1346816749,15219341,True,False
47079,Henry,Henry County,TN,Tennessee,47,079,01639755,06,1455320355,81582236,True,False
47081,Hickman,Hickman County,TN,Tennessee,47,081,01639756,06,1586324714,373710,True,False
47083,Houston,Houston County,TN,Tennessee,47,083,01648578,06,518758195,17303404,True,False
47085,Humphreys,Humphreys County,TN,Tennessee,47,085,01639757,06,1374668726,67184110,True,False
47087,Jackson,Jackson County,TN,Tennessee,47,087,01639758,06,799813549,27751888,True,False
47089,Jefferson,Jefferson County,TN,Tennessee,47,089,01639759,06,712648024,101427377,True,False
47091,Johnson,Johnson County,TN,Tennessee,47,091,01639760,06,772956196,11007739,True,False
47093,Knox,Knox County,TN,Tennessee,47,093,01639761,06,1316556091,45461428,True,False
47095,Lake,Lake County,TN,Tennessee,47,095,01639762,06,429381241,72799687,True,False
47097,Lauderdale,Lauderdale County,TN,Tennessee,47,097,01639763,06,1222203226,80251266,True,False
47099,Lawrence,Lawrence County,TN,Tennessee,47,099,01639764,06,1598359116,2218403,True,False
47101,Lewis,Lewis County,TN,Tennessee,47,101,01639765,06,730614743,1024940,True,False
47103,Lincoln,Lincoln County,TN,Tennessee,47,103,01639766,06,1477179213,971039,True,False
47105,Loudon,Loudon County,TN,Tennessee,47,105,01639767,06,593811377,46869994,True,False
47107,McMinn,McMinn County,TN,Tennessee,47,107,01639773,06,1113997329,5340568,True,False
47109,McNairy,McNairy County,TN,Tennessee,47,109,01639774,06,1457761040,1987307,True,False
47111,Macon,Macon County,TN,Tennessee,47,111,01639768,06,795498344,246690,True,False
47113,Madison,Madison County,TN,Tennessee,47,113,01639769,06,1443073932,3757608,True,False
47115,Marion,Marion County,TN,Tennessee,47,115,01639770,06,1290471995,36486486,True,False
47117,Marshall,Marshall County,TN,Tennessee,47,117,01639771,06,972442314,1801922,True,False
47119,Maury,Maury County,TN,Tennessee,47,119,01639772,06,1587876688,6344505,True,False
47121,Meigs,Meigs County,TN,Tennessee,47,121,01639775,06,505397668,55738399,True,False
47123,Monroe,Monroe County,TN,Tennessee,47,123,01639776,06,1646646987,43545177,True,False
47125,Montgomery,Montgomery County,TN,Tennessee,47,125,01639777,06,1396441762,12068783,True,False
47127,Moore,Moore County,TN,Tennessee,47,127,01648579,06,334684850,3093435,True,False
47129,Morgan,Morgan County,TN,Tennessee,47,129,01639778,06,1352439679,823018,True,False
47131,Obion,Obion County,TN,Tennessee,47,131,01639779,06,1411156591,27440690,True,False
47133,Overton,Overton County,TN,Tennessee,47,133,01639780,06,1122727660,3486591,True,False
47135,Perry,Perry County,TN,Tennessee,47,135,01639781,06,1074235996,20984700,True,False
47137,Pickett,Pickett County,TN,Tennessee,47,137,01648580,06,422090560,29845401,True,False
47139,Polk,Polk County,TN,Tennessee,47,139,01639782,06,1125622661,19906880,True,False
47141,Putnam,Putnam County,TN,Tennessee,47,141,01639783,06,1038860598,3777708,True,False
47143,Rhea,Rhea County,TN,Tennessee,47,143,01639784,06,817126428,54354267,True,False
47145,Roane,Roane County,TN,Tennessee,47,145,01639785,06,934385983,88599487,True,False
47147,Robertson,Robertson County,TN,Tennessee,47,147,01639786,06,1233703851,457701,True,False
47149,Rutherford,Rutherford County,TN,Tennessee,47,149,01639787,06,1604621552,11677845,True,False
47151,Scott,Scott County,TN,Tennessee,47,151,01639788,06,1378652171,2418741,True,False
47153,Sequatchie,Sequatchie County,TN,Tennessee,47,153,01652643,06,688550847,498315,True,False
47155,Sevier,Sevier County,TN,Tennessee,47,155,01639789,06,1534615544,13412243,True,False
47157,Shelby,Shelby County,TN,Tennessee,47,157,01639790,06,1949677140,74570153,True,False
47159,Smith,Smith County,TN,Tennessee,47,159,01639791,06,813976205,28690306,True,False
47161,Stewart,Stewart County,TN,Tennessee,47,161,01639792,06,1190815051,86082173,True,False
47163,Sullivan,Sullivan County,TN,Tennessee,47,163,01639793,06,1071077095,41857118,True,False
47165,Sumner,Sumner County,TN,Tennessee,47,165,01639794,06,1371276555,35630992,True,False
47167,Tipton,Tipton County,TN,Tennessee,47,167,01639795,06,1180026943,32703276,True,False
47169,Trousdale,Trousdale County,TN,Tennessee,47,169,01648581,06,296143585,5960709,True,False
47171,Unicoi,Unicoi County,TN,Tennessee,47,171,01648582,06,481902933,825726,True,False
47173,Union,Union County,TN,Tennessee,47,173,01648583,06,579077904,61005196,True,False
47175,Van Buren,Van Buren County,TN,Tennessee,47,175,01648584,06,708142395,2893456,True,False
47177,Warren,Warren County,TN,Tennessee,47,177,01639796,06,1120619164,3524883,True,False
47179,Washington,Washington County,TN,Tennessee,47,179,01639797,06,845756038,8485270,True,False
47181,Wayne,Wayne County,TN,Tennessee,47,181,01639798,06,1901333938,4023436,True,False
47183,Weakley,Weakley County,TN,Tennessee,47,183,01639799,06,1503107799,3707114,True,False
47185,White,White County,TN,Tennessee,47,185,01639800,06,975592110,7113368,True,False
47187,Williamson,Williamson County,TN,Tennessee,47,187,01639801,06,1509732488,3011571,True,False
47189,Wilson,Wilson County,TN,Tennessee,47,189,01639802,06,1479109879,32273794,True,False
48001,Anderson,Anderson County,TX,Texas,48,001,01383786,06,2752164822,39845046,True,False
48003,Andrews,Andrews County,TX,Texas,48,003,01383787,06,3886758047,1049250,True,False
48005,Angelina,Angelina County,TX,Texas,48,005,01383788,06,2066465877,173295025,True,False
48007,Aransas,Aransas County,TX,Texas,48,007,01383789,06,653378692,714021910,True,False
48009,Archer,Archer County,TX,Texas,48,009,01383790,06,2339508191,57767719,True,False
48011,Armstrong,Armstrong County,TX,Texas,48,011,01383791,06,2354619569,12181682,True,False
48013,Atascosa,Atascosa County,TX,Texas,48,013,01383792,06,3158599699,4992623,True,False
48015,Austin,Austin County,TX,Texas,48,015,01383793,06,1674464129,25547962,True,False
48017,Bailey,Bailey County,TX,Texas,48,017,01383794,06,2141847185,1775275,True,False
48019,Bandera,Bandera County,TX,Texas,48,019,01383795,06,2048663907,17291422,True,False
48021,Bastrop,Bastrop County,TX,Texas,48,021,01383796,06,2300495954,19013891,True,False
48023,Baylor,Baylor County,TX,Texas,48,023,01383797,06,2246764167,86991452,True,False
48025,Bee,Bee County,TX,Texas,48,025,01383798,06,2279809495,246409,True,False
48027,Bell,Bell County,TX,Texas,48,027,01383799,06,2729422873,94370903,True,False
48029,Bexar,Bexar County,TX,Texas,48,029,01383800,06,3212669817,40545342,True,False
48031,Blanco,Blanco County,TX,Texas,48,031,01383801,06,1836953705,10813186,True,False
48033,Borden,Borden County,TX,Texas,48,033,01383802,06,2324366073,22297606,True,False
48035,Bosque,Bosque County,TX,Texas,48,035,01383803,06,2545897277,50825122,True,False
48037,Bowie,Bowie County,TX,Texas,48,037,01383804,06,2291984431,98383191,True,False
48039,Brazoria,Brazoria County,TX,Texas,48,039,01383805,06,3530976528,635433867,True,False
48041,Brazos,Brazos County,TX,Texas,48,041,01383806,06,1518120826,13180343,True,False
48043,Brewster,Brewster County,TX,Texas,48,043,01383807,06,16015872745,22061017,True,False
48045,Briscoe,Briscoe County,TX,Texas,48,045,01383808,06,2330991073,4068657,True,False
48047,Brooks,Brooks County,TX,Texas,48,047,01383809,06,2443277006,741627,True,False
48049,Brown,Brown County,TX,Texas,48,049,01383810,06,2446120264,32375524,True,False
48051,Burleson,Burleson County,TX,Texas,48,051,01383811,06,1707015416,46043534,True,False
48053,Burnet,Burnet County,TX,Texas,48,053,01383812,06,2576636841,69745131,True,False
48055,Caldwell,Caldwell County,TX,Texas,48,055,01383813,06,1410360828,4944168,True,False
48057,Calhoun,Calhoun County,TX,Texas,48,057,01383814,06,1312958751,1361633026,True,False
48059,Callahan,Callahan County,TX,Texas,48,059,01383815,06,2329363242,4898783,True,False
48061,Cameron,Cameron County,TX,Texas,48,061,01383816,06,2309547317,1004825171,True,False
48063,Camp,Camp County,TX,Texas,48,063,01383817,06,507243984,19127754,True,False
48065,Carson,Carson County,TX,Texas,48,065,01383818,06,2383397230,10026604,True,False
48067,Cass,Cass County,TX,Texas,48,067,01383819,06,2426682339,60495293,True,False
48069,Castro,Castro County,TX,Texas,48,069,01383820,06,2316600397,12557414,True,False
48071,Chambers,Chambers County,TX,Texas,48,071,01383821,06,1546824138,709406157,True,False
48073,Cherokee,Cherokee County,TX,Texas,48,073,01383822,06,2727137854,23876781,True,False
48075,Childress,Childress County,TX,Texas,48,075,01383823,06,1803954631,44560655,True,False
48077,Clay,Clay County,TX,Texas,48,077,01383824,06,2819874502,72504155,True,False
48079,Cochran,Cochran County,TX,Texas,48,079,01383825,06,2007453828,229068,True,False
48081,Coke,Coke County,TX,Texas,48,081,01383826,06,2361153630,42331400,True,False
48083,Coleman,Coleman County,TX,Texas,48,083,01383827,06,3271088264,47808289,True,False
48085,Collin,Collin County,TX,Texas,48,085,01383828,06,2179508355,114885444,True,False
48087,Collingsworth,Collingsworth County,TX,Texas,48,087,01383829,06,2378750405,2278703,True,False
48089,Colorado,Colorado County,TX,Texas,48,089,01383830,06,2487142720,34691167,True,False
48091,Comal,Comal County,TX,Texas,48,091,01383831,06,1449193932,39744160,True,False
48093,Comanche,Comanche County,TX,Texas,48,093,01383832,06,2428768923,25719485,True,False
48095,Concho,Concho County,TX,Texas,48,095,01383833,06,2547914004,25740025,True,False
48097,Cooke,Cooke County,TX,Texas,48,097,01383834,06,2265789897,61319327,True,False
48099,Coryell,Coryell County,TX,Texas,48,099,01383835,06,2725307442,11833644,True,False
48101,Cottle,Cottle County,TX,Texas,48,101,01383836,06,2332448733,2723997,True,False
48103,Crane,Crane County,TX,Texas,48,103,01383837,06,2033319715,1695980,True,False
48105,Crockett,Crockett County,TX,Texas,48,105,01383838,06,7270935060,53329,True,False
48107,Crosby,Crosby County,TX,Texas,48,107,01383839,06,2331503446,3873557,True,False
48109,Culberson,Culberson County,TX,Texas,48,109,01383840,06,9873439551,556134,True,False
48111,Dallam,Dallam County,TX,Texas,48,111,01383841,06,3893666623,4609040,True,False
48113,Dallas,Dallas County,TX,Texas,48,113,01383842,06,2261546161,91828840,True,False
48115,Dawson,Dawson County,TX,Texas,48,115,01383843,06,2331789617,4712668,True,False
48117,Deaf Smith,Deaf Smith County,TX,Texas,48,117,01383845,06,3876750569,3926557,True,False
48119,Delta,Delta County,TX,Texas,48,119,01383846,06,665192723,54647564,True,False
48121,Denton,Denton County,TX,Texas,48,121,01383847,06,2275982083,188809040,True,False
48123,DeWitt,DeWitt County,TX,Texas,48,123,01383844,06,2354237964,3919919,True,False
48125,Dickens,Dickens County,TX,Texas,48,125,01383848,06,2335454675,9057848,True,False
48127,Dimmit,Dimmit County,TX,Texas,48,127,01383849,06,3441795903,14575999,True,False
48129,Donley,Donley County,TX,Texas,48,129,01383850,06,2401014207,15563758,True,False
48131,Duval,Duval County,TX,Texas,48,131,01383851,06,4645084663,5478267,True,False
48133,Eastland,Eastland County,TX,Texas,48,133,01383852,06,2399644814,14002276,True,False
48135,Ector,Ector County,TX,Texas,48,135,01383853,06,2325508574,10188915,True,False
48137,Edwards,Edwards County,TX,Texas,48,137,01383854,06,5485263222,5196312,True,False
48139,Ellis,Ellis County,TX,Texas,48,139,01383856,06,2423713609,41842799,True,False
48141,El Paso,El Paso County,TX,Texas,48,141,01383855,06,2625018844,4548525,True,False
48143,Erath,Erath County,TX,Texas,48,143,01383857,06,2805419699,17166727,True,False
48145,Falls,Falls County,TX,Texas,48,145,01383858,06,1982623101,21693054,True,False
48147,Fannin,Fannin County,TX,Texas,48,147,01383859,06,2273850350,54247784,True,False
48149,Fayette,Fayette County,TX,Texas,48,149,01383860,06,2460316910,25574662,True,False
48151,Fisher,Fisher County,TX,Texas,48,151,01383861,06,2328272091,7258480,True,False
48153,Floyd,Floyd County,TX,Texas,48,153,01383862,06,2569637283,983737,True,False
48155,Foard,Foard County,TX,Texas,48,155,01383863,06,1824374449,8518912,True,False
48157,Fort Bend,Fort Bend County,TX,Texas,48,157,01383864,06,2232800006,60708395,True,False
48159,Franklin,Franklin County,TX,Texas,48,159,01383865,06,736599928,26845123,True,False
48161,Freestone,Freestone County,TX,Texas,48,161,01383866,06,2273311864,36936963,True,False
48163,Frio,Frio County,TX,Texas,48,163,01383867,06,2935753504,2193621,True,False
48165,Gaines,Gaines County,TX,Texas,48,165,01383868,06,3891102468,1262946,True,False
48167,Galveston,Galveston County,TX,Texas,48,167,01383869,06,982674727,1280831812,True,False
48169,Garza,Garza County,TX,Texas,48,169,01383870,06,2313937122,7209242,True,False
48171,Gillespie,Gillespie County,TX,Texas,48,171,01383871,06,2740737111,8994843,True,False
48173,Glasscock,Glasscock County,TX,Texas,48,173,01383872,06,2331552975,2245302,True,False
48175,Goliad,Goliad County,TX,Texas,48,175,01383873,06,2206698615,19050015,True,False
48177,Gonzales,Gonzales County,TX,Texas,48,177,01383874,06,2762704890,8204086,True,False
48179,Gray,Gray County,TX,Texas,48,179,01383875,06,2398261682,8700790,True,False
48181,Grayson,Grayson County,TX,Texas,48,181,01383876,06,2416024459,120093899,True,False
48183,Gregg,Gregg County,TX,Texas,48,183,01383877,06,708052135,6206460,True,False
48185,Grimes,Grimes County,TX,Texas,48,185,01383878,06,2039536830,36601048,True,False
48187,Guadalupe,Guadalupe County,TX,Texas,48,187,01383879,06,1842133758,9159633,True,False
48189,Hale,Hale County,TX,Texas,48,189,01383880,06,2602109425,246678,True,False
48191,Hall,Hall County,TX,Texas,48,191,01383881,06,2288233615,53366403,True,False
48193,Hamilton,Hamilton County,TX,Texas,48,193,01383882,06,2165008743,1238628,True,False
48195,Hansford,Hansford County,TX,Texas,48,195,01383883,06,2382296645,1548341,True,False
48197,Hardeman,Hardeman County,TX,Texas,48,197,01383884,06,1800337387,4548860,True,False
48199,Hardin,Hardin County,TX,Texas,48,199,01383885,06,2306585576,17997152,True,False
48201,Harris,Harris County,TX,Texas,48,201,01383886,06,4421377571,181131335,True,False
48203,Harrison,Harrison County,TX,Texas,48,203,01383887,06,2331154964,40635396,True,False
48205,Hartley,Hartley County,TX,Texas,48,205,01383888,06,3786445021,3013675,True,False
48207,Haskell,Haskell County,TX,Texas,48,207,01383889,06,2339103808,18465208,True,False
48209,Hays,Hays County,TX,Texas,48,209,01383890,06,1753067087,5015351,True,False
48211,Hemphill,Hemphill County,TX,Texas,48,211,01383891,06,2347270015,15205586,True,False
48213,Henderson,Henderson County,TX,Texas,48,213,01383892,06,2263100622,193314985,True,False
48215,Hidalgo,Hidalgo County,TX,Texas,48,215,01383893,06,4069432987,30081130,True,False
48217,Hill,Hill County,TX,Texas,48,217,01383894,06,2483433292,69541634,True,False
48219,Hockley,Hockley County,TX,Texas,48,219,01383895,06,2352723975,446119,True,False
48221,Hood,Hood County,TX,Texas,48,221,01383896,06,1089715666,41744992,True,False
48223,Hopkins,Hopkins County,TX,Texas,48,223,01383897,06,1987637216,65631763,True,False
48225,Houston,Houston County,TX,Texas,48,225,01383898,06,3188268198,14446047,True,False
48227,Howard,Howard County,TX,Texas,48,227,01383899,06,2333034777,8846149,True,False
48229,Hudspeth,Hudspeth County,TX,Texas,48,229,01383900,06,11837584099,2114586,True,False
48231,Hunt,Hunt County,TX,Texas,48,231,01383901,06,2176686831,107754674,True,False
48233,Hutchinson,Hutchinson County,TX,Texas,48,233,01383902,06,2298449955,19465689,True,False
48235,Irion,Irion County,TX,Texas,48,235,01383903,06,2723485995,176317,True,False
48237,Jack,Jack County,TX,Texas,48,237,01383904,06,2359405663,23704611,True,False
48239,Jackson,Jackson County,TX,Texas,48,239,01383905,06,2148246692,71039573,True,False
48241,Jasper,Jasper County,TX,Texas,48,241,01383906,06,2431105357,80399907,True,False
48243,Jeff Davis,Jeff Davis County,TX,Texas,48,243,01383907,06,5865172238,206206,True,False
48245,Jefferson,Jefferson County,TX,Texas,48,245,01383908,06,2270734658,611202935,True,False
48247,Jim Hogg,Jim Hogg County,TX,Texas,48,247,01383909,06,2942674719,92565,True,False
48249,Jim Wells,Jim Wells County,TX,Texas,48,249,01383910,06,2240795356,8723371,True,False
48251,Johnson,Johnson County,TX,Texas,48,251,01383911,06,1877902258,23779865,True,False
48253,Jones,Jones County,TX,Texas,48,253,01383912,06,2405078242,22095884,True,False
48255,Karnes,Karnes County,TX,Texas,48,255,01383913,06,1936669681,15010314,True,False
48257,Kaufman,Kaufman County,TX,Texas,48,257,01383914,06,2022040603,69411618,True,False
48259,Kendall,Kendall County,TX,Texas,48,259,01383915,06,1715747608,1496797,True,False
48261,Kenedy,Kenedy County,TX,Texas,48,261,01383916,06,3777657846,1261927309,True,False
48263,Kent,Kent County,TX,Texas,48,263,01383917,06,2337482028,1065195,True,False
48265,Kerr,Kerr County,TX,Texas,48,265,01383918,06,2857618951,10230383,True,False
48267,Kimble,Kimble County,TX,Texas,48,267,01383919,06,3240024036,505509,True,False
48269,King,King County,TX,Texas,48,269,01383920,06,2359150562,6396290,True,False
48271,Kinney,Kinney County,TX,Texas,48,271,01383921,06,3523765240,11885327,True,False
48273,Kleberg,Kleberg County,TX,Texas,48,273,01383922,06,2282572454,541041663,True,False
48275,Knox,Knox County,TX,Texas,48,275,01383923,06,2203098613,12587673,True,False
48277,Lamar,Lamar County,TX,Texas,48,277,01383925,06,2349985892,66739466,True,False
48279,Lamb,Lamb County,TX,Texas,48,279,01383926,06,2631897582,3973764,True,False
48281,Lampasas,Lampasas County,TX,Texas,48,281,01383927,06,1845440100,2749903,True,False
48283,La Salle,La Salle County,TX,Texas,48,283,01383924,06,3850545741,19503739,True,False
48285,Lavaca,Lavaca County,TX,Texas,48,285,01383928,06,2511535218,1882216,True,False
48287,Lee,Lee County,TX,Texas,48,287,01383929,06,1629251863,13075439,True,False
48289,Leon,Leon County,TX,Texas,48,289,01383930,06,2779462028,19328383,True,False
48291,Liberty,Liberty County,TX,Texas,48,291,01383931,06,3000453916,46288046,True,False
48293,Limestone,Limestone County,TX,Texas,48,293,01383932,06,2345053184,71830223,True,False
48295,Lipscomb,Lipscomb County,TX,Texas,48,295,01383933,06,2414422642,298741,True,False
48297,Live Oak,Live Oak County,TX,Texas,48,297,01383934,06,2692796903,101483818,True,False
48299,Llano,Llano County,TX,Texas,48,299,01383935,06,2419227366,82329207,True,False
48301,Loving,Loving County,TX,Texas,48,301,01383936,06,1732230055,19981167,True,False
48303,Lubbock,Lubbock County,TX,Texas,48,303,01383937,06,2319707362,13101225,True,False
48305,Lynn,Lynn County,TX,Texas,48,305,01383938,06,2309924799,4169718,True,False
48307,McCulloch,McCulloch County,TX,Texas,48,307,01383945,06,2759893534,20286192,True,False
48309,McLennan,McLennan County,TX,Texas,48,309,01383946,06,2685056036,60961676,True,False
48311,McMullen,McMullen County,TX,Texas,48,311,01383947,06,2952066567,43985124,True,False
48313,Madison,Madison County,TX,Texas,48,313,01383939,06,1207234712,16361999,True,False
48315,Marion,Marion County,TX,Texas,48,315,01383940,06,986530319,102099491,True,False
48317,Martin,Martin County,TX,Texas,48,317,01383941,06,2369724587,1931832,True,False
48319,Mason,Mason County,TX,Texas,48,319,01383942,06,2405674099,8755301,True,False
48321,Matagorda,Matagorda County,TX,Texas,48,321,01383943,06,2831196250,1345191762,True,False
48323,Maverick,Maverick County,TX,Texas,48,323,01383944,06,3313841498,31849663,True,False
48325,Medina,Medina County,TX,Texas,48,325,01383948,06,3432680871,23745245,True,False
48327,Menard,Menard County,TX,Texas,48,327,01383949,06,2336237979,613559,True,False
48329,Midland,Midland County,TX,Texas,48,329,01383950,06,2331915314,4252951,True,False
48331,Milam,Milam County,TX,Texas,48,331,01383951,06,2632349434,11831398,True,False
48333,Mills,Mills County,TX,Texas,48,333,01383952,06,1937892796,4023558,True,False
48335,Mitchell,Mitchell County,TX,Texas,48,335,01383953,06,2359720445,12480258,True,False
48337,Montague,Montague County,TX,Texas,48,337,01383954,06,2411034608,19087359,True,False
48339,Montgomery,Montgomery County,TX,Texas,48,339,01383955,06,2699229368,89891734,True,False
48341,Moore,Moore County,TX,Texas,48,341,01383956,06,2330207193,25699789,True,False
48343,Morris,Morris County,TX,Texas,48,343,01383957,06,652649022,17382447,True,False
48345,Motley,Motley County,TX,Texas,48,345,01383958,06,2562963900,644140,True,False
48347,Nacogdoches,Nacogdoches County,TX,Texas,48,347,01383959,06,2450966942,89731149,True,False
48349,Navarro,Navarro County,TX,Texas,48,349,01383960,06,2615116310,197615408,True,False
48351,Newton,Newton County,TX,Texas,48,351,01383961,06,2418212545,15672146,True,False
48353,Nolan,Nolan County,TX,Texas,48,353,01383962,06,2362054436,5059477,True,False
48355,Nueces,Nueces County,TX,Texas,48,355,01383963,06,2173969055,844853520,True,False
48357,Ochiltree,Ochiltree County,TX,Texas,48,357,01383964,06,2376792060,1331778,True,False
48359,Oldham,Oldham County,TX,Texas,48,359,01383965,06,3886337116,2339716,True,False
48361,Orange,Orange County,TX,Texas,48,361,01383966,06,864535312,118326038,True,False
48363,Palo Pinto,Palo Pinto County,TX,Texas,48,363,01383967,06,2467090697,85364147,True,False
48365,Panola,Panola County,TX,Texas,48,365,01383968,06,2101400903,25810623,True,False
48367,Parker,Parker County,TX,Texas,48,367,01383969,06,2340676560,16457558,True,False
48369,Parmer,Parmer County,TX,Texas,48,369,01383970,06,2281317978,11355762,True,False
48371,Pecos,Pecos County,TX,Texas,48,371,01383971,06,12338274929,2532275,True,False
48373,Polk,Polk County,TX,Texas,48,373,01383972,06,2737754342,136250537,True,False
48375,Potter,Potter County,TX,Texas,48,375,01383973,06,2352746400,35162457,True,False
48377,Presidio,Presidio County,TX,Texas,48,377,01383974,06,9985057447,1773188,True,False
48379,Rains,Rains County,TX,Texas,48,379,01383975,06,594380956,75979606,True,False
48381,Randall,Randall County,TX,Texas,48,381,01383976,06,2363909970,25202439,True,False
48383,Reagan,Reagan County,TX,Texas,48,383,01383977,06,3044049121,1792716,True,False
48385,Real,Real County,TX,Texas,48,385,01383978,06,1810814901,2344241,True,False
48387,Red River,Red River County,TX,Texas,48,387,01383979,06,2703677245,33255080,True,False
48389,Reeves,Reeves County,TX,Texas,48,389,01383980,06,6825534345,17396672,True,False
48391,Refugio,Refugio County,TX,Texas,48,391,01383981,06,1995545555,123688759,True,False
48393,Roberts,Roberts County,TX,Texas,48,393,01383982,06,2393298443,346846,True,False
48395,Robertson,Robertson County,TX,Texas,48,395,01383983,06,2214840335,27332985,True,False
48397,Rockwall,Rockwall County,TX,Texas,48,397,01383984,06,329521874,56197126,True,False
48399,Runnels,Runnels County,TX,Texas,48,399,01383985,06,2722259323,15604788,True,False
48401,Rusk,Rusk County,TX,Texas,48,401,01383986,06,2393663216,37217198,True,False
48403,Sabine,Sabine County,TX,Texas,48,403,01383987,06,1273523418,219936061,True,False
48405,San Augustine,San Augustine County,TX,Texas,48,405,01383988,06,1374400363,159644689,True,False
48407,San Jacinto,San Jacinto County,TX,Texas,48,407,01383989,06,1474335739,151945758,True,False
48409,San Patricio,San Patricio County,TX,Texas,48,409,01383990,06,1795689764,37536082,True,False
48411,San Saba,San Saba County,TX,Texas,48,411,01383991,06,2940447161,8300211,True,False
48413,Schleicher,Schleicher County,TX,Texas,48,413,01383992,06,3394546076,87401,True,False
48415,Scurry,Scurry County,TX,Texas,48,415,01383993,06,2345090478,5436957,True,False
48417,Shackelford,Shackelford County,TX,Texas,48,417,01383994,06,2367989252,3268209,True,False
48419,Shelby,Shelby County,TX,Texas,48,419,01383995,06,2060566463,101081677,True,False
48421,Sherman,Sherman County,TX,Texas,48,421,01383996,06,2390195604,425429,True,False
48423,Smith,Smith County,TX,Texas,48,423,01383997,06,2386661742,73106299,True,False
48425,Somervell,Somervell County,TX,Texas,48,425,01383998,06,482274682,14205925,True,False
48427,Starr,Starr County,TX,Texas,48,427,01383999,06,3168019241,15386853,True,False
48429,Stephens,Stephens County,TX,Texas,48,429,01384000,06,2322497202,64147705,True,False
48431,Sterling,Sterling County,TX,Texas,48,431,01384001,06,2391722769,167451,True,False
48433,Stonewall,Stonewall County,TX,Texas,48,433,01384002,06,2373238696,10177387,True,False
48435,Sutton,Sutton County,TX,Texas,48,435,01384003,06,3765674769,1277066,True,False
48437,Swisher,Swisher County,TX,Texas,48,437,01384004,06,2305502703,27277988,True,False
48439,Tarrant,Tarrant County,TX,Texas,48,439,01384005,06,2241374644,99394075,True,False
48441,Taylor,Taylor County,TX,Texas,48,441,01384006,06,2371228250,9760311,True,False
48443,Terrell,Terrell County,TX,Texas,48,443,01384007,06,6107081788,259482,True,False
48445,Terry,Terry County,TX,Texas,48,445,01384008,06,2302115390,5411758,True,False
48447,Throckmorton,Throckmorton County,TX,Texas,48,447,01384009,06,2363499442,7586186,True,False
48449,Titus,Titus County,TX,Texas,48,449,01384010,06,1052318222,50093218,True,False
48451,Tom Green,Tom Green County,TX,Texas,48,451,01384011,06,3942790947,47251782,True,False
48453,Travis,Travis County,TX,Texas,48,453,01384012,06,2575299639,79506870,True,False
48455,Trinity,Trinity County,TX,Texas,48,455,01384013,06,1797080060,52101459,True,False
48457,Tyler,Tyler County,TX,Texas,48,457,01384014,06,2394158677,29093514,True,False
48459,Upshur,Upshur County,TX,Texas,48,459,01384015,06,1509910856,24878112,True,False
48461,Upton,Upton County,TX,Texas,48,461,01384016,06,3215010599,464309,True,False
48463,Uvalde,Uvalde County,TX,Texas,48,463,01384017,06,4019458733,17382916,True,False
48465,Val Verde,Val Verde County,TX,Texas,48,465,01384018,06,8144864531,227710450,True,False
48467,Van Zandt,Van Zandt County,TX,Texas,48,467,01384019,06,2182254952,44145126,True,False
48469,Victoria,Victoria County,TX,Texas,48,469,01384020,06,2284593992,17476842,True,False
48471,Walker,Walker County,TX,Texas,48,471,01384021,06,2031140296,44731778,True,False
48473,Waller,Waller County,TX,Texas,48,473,01384022,06,1329553604,11827973,True,False
48475,Ward,Ward County,TX,Texas,48,475,01384023,06,2164201044,624206,True,False
48477,Washington,Washington County,TX,Texas,48,477,01384024,06,1564859859,45466952,True,False
48479,Webb,Webb County,TX,Texas,48,479,01384025,06,8706239653,36502177,True,False
48481,Wharton,Wharton County,TX,Texas,48,481,01384026,06,2813099005,21306092,True,False
48483,Wheeler,Wheeler County,TX,Texas,48,483,01384027,06,2368629231,2455912,True,False
48485,Wichita,Wichita County,TX,Texas,48,485,01384028,06,1625458210,13645957,True,False
48487,Wilbarger,Wilbarger County,TX,Texas,48,487,01384029,06,2514738108,18202665,True,False
48489,Willacy,Willacy County,TX,Texas,48,489,01384030,06,1529680719,502856285,True,False
48491,Williamson,Williamson County,TX,Texas,48,491,01384031,06,2890087931,41476798,True,False
48493,Wilson,Wilson County,TX,Texas,48,493,01384032,06,2081664824,12109332,True,False
48495,Winkler,Winkler County,TX,Texas,48,495,01384033,06,2178876148,19838,True,False
48497,Wise,Wise County,TX,Texas,48,497,01384034,06,2342525152,46883066,True,False
48499,Wood,Wood County,TX,Texas,48,499,01384035,06,1671176155,130727206,True,False
48501,Yoakum,Yoakum County,TX,Texas,48,501,01384036,06,2071252481,34329,True,False
48503,Young,Young County,TX,Texas,48,503,01384037,06,2368539787,42371869,True,False
48505,Zapata,Zapata County,TX,Texas,48,505,01384038,06,2585883702,154363496,True,False
48507,Zavala,Zavala County,TX,Texas,48,507,01384039,06,3360268876,11208708,True,False
49001,Beaver,Beaver County,UT,Utah,49,001,01448015,06,6689710369,5298466,True,False
49003,Box Elder,Box Elder County,UT,Utah,49,003,01455966,06,14973507318,2455159795,True,False
49005,Cache,Cache County,UT,Utah,49,005,01448017,06,3016525068,21115037,True,False
49007,Carbon,Carbon County,UT,Utah,49,007,01448018,06,3831481450,15484604,True,False
49009,Daggett,Daggett County,UT,Utah,49,009,01448019,06,1803962594,61233358,True,False
49011,Davis,Davis County,UT,Utah,49,011,01448020,06,841123724,804132366,True,False
49013,Duchesne,Duchesne County,UT,Utah,49,013,01448021,06,8379965571,38811228,True,False
49015,Emery,Emery County,UT,Utah,49,015,01448022,06,11558171972,24695314,True,False
49017,Garfield,Garfield County,UT,Utah,49,017,01448023,06,13414986702,75978582,True,False
49019,Grand,Grand County,UT,Utah,49,019,01448024,06,9512657345,30634870,True,False
49021,Iron,Iron County,UT,Utah,49,021,01448025,06,8537032444,11390957,True,False
49023,Juab,Juab County,UT,Utah,49,023,01455158,06,8784753344,36271581,True,False
49025,Kane,Kane County,UT,Utah,49,025,01448026,06,10344775614,292843946,True,False
49027,Millard,Millard County,UT,Utah,49,027,01448027,06,17574316029,133292861,True,False
49029,Morgan,Morgan County,UT,Utah,49,029,01448028,06,1577814089,4437369,True,False
49031,Piute,Piute County,UT,Utah,49,031,01448029,06,1963753823,20286511,True,False
49033,Rich,Rich County,UT,Utah,49,033,01448030,06,2664471793,149106410,True,False
49035,Salt Lake,Salt Lake County,UT,Utah,49,035,01448031,06,1949876460,136855044,True,False
49037,San Juan,San Juan County,UT,Utah,49,037,01448032,06,20263255847,285213915,True,False
49039,Sanpete,Sanpete County,UT,Utah,49,039,01448033,06,4117605575,32165095,True,False
49041,Sevier,Sevier County,UT,Utah,49,041,01448034,06,4948109949,20139931,True,False
49043,Summit,Summit County,UT,Utah,49,043,01448035,06,4845023359,26030792,True,False
49045,Tooele,Tooele County,UT,Utah,49,045,01448036,06,18234216267,636477482,True,False
49047,Uintah,Uintah County,UT,Utah,49,047,01448037,06,11610607593,55966014,True,False
49049,Utah,Utah County,UT,Utah,49,049,01448038,06,5191527711,362177780,True,False
49051,Wasatch,Wasatch County,UT,Utah,49,051,01448039,06,3048291117,79107621,True,False
49053,Washington,Washington County,UT,Utah,49,053,01448040,06,6287425962,7782767,True,False
49055,Wayne,Wayne County,UT,Utah,49,055,01448041,06,6374203166,14660837,True,False
49057,Weber,Weber County,UT,Utah,49,057,01448042,06,1582541443,126602107,True,False
50001,Addison,Addison County,VT,Vermont,50,001,01461757,06,1984789913,107310069,True,False
50003,Bennington,Bennington County,VT,Vermont,50,003,01461758,06,1746266320,6896313,True,False
50005,Caledonia,Caledonia County,VT,Vermont,50,005,01461759,06,1681457274,22348341,True,False
50007,Chittenden,Chittenden County,VT,Vermont,50,007,01461760,06,1390485610,217019156,True,False
50009,Essex,Essex County,VT,Vermont,50,009,01461761,06,1715531822,28687245,True,False
50011,Franklin,Franklin County,VT,Vermont,50,011,01461762,06,1634182035,150650858,True,False
50013,Grand Isle,Grand Isle County,VT,Vermont,50,013,01461763,06,211786409,288950786,True,False
50015,Lamoille,Lamoille County,VT,Vermont,50,015,01461764,06,1194643958,12744800,True,False
50017,Orange,Orange County,VT,Vermont,50,017,01461765,06,1779346355,12002244,True,False
50019,Orleans,Orleans County,VT,Vermont,50,019,01461766,06,1798883756,71405835,True,False
50021,Rutland,Rutland County,VT,Vermont,50,021,01461767,06,2410117476,38757463,True,False
50023,Washington,Washington County,VT,Vermont,50,023,01461768,06,1779477994,21517013,True,False
50025,Windham,Windham County,VT,Vermont,50,025,01461769,06,2035623277,32917051,True,False
50027,Windsor,Windsor County,VT,Vermont,50,027,01461770,06,2510072157,19365930,True,False
51001,Accomack,Accomack County,VA,Virginia,51,001,01480091,06,1163694094,2229291796,True,False
51003,Albemarle,Albemarle County,VA,Virginia,51,003,01675170,06,1866027161,14210136,True,False
51005,Alleghany,Alleghany County,VA,Virginia,51,005,01673675,06,1156616595,8162743,True,False
51007,Amelia,Amelia County,VA,Virginia,51,007,01497770,06,920379348,8188217,True,False
51009,Amherst,Amherst County,VA,Virginia,51,009,01480095,06,1227554639,12898694,True,False
51011,Appomattox,Appomattox County,VA,Virginia,51,011,01497238,06,865635290,3206454,True,False
51013,Arlington,Arlington County,VA,Virginia,51,013,01480097,06,67332992,273562,True,False
51015,Augusta,Augusta County,VA,Virginia,51,015,01480098,06,2504708858,9537137,True,False
51017,Bath,Bath County,VA,Virginia,51,017,01673638,06,1370626042,14039993,True,False
51019,Bedford,Bedford County,VA,Virginia,51,019,01674818,06,1968687982,42062313,True,False
51021,Bland,Bland County,VA,Virginia,51,021,01494613,06,926296567,2561891,True,False
51023,Botetourt,Botetourt County,VA,Virginia,51,023,01674418,06,1401898974,12126227,True,False
51025,Brunswick,Brunswick County,VA,Virginia,51,025,01493961,06,1466842627,8368077,True,False
51027,Buchanan,Buchanan County,VA,Virginia,51,027,01497431,06,1302387769,2803578,True,False
51029,Buckingham,Buckingham County,VA,Virginia,51,029,01501502,06,1501215437,9911855,True,False
51031,Campbell,Campbell County,VA,Virginia,51,031,01674917,06,1303430815,8887974,True,False
51033,Caroline,Caroline County,VA,Virginia,51,033,01480107,06,1365870126,24919385,True,False
51035,Carroll,Carroll County,VA,Virginia,51,035,01480108,06,1229575927,7586185,True,False
51036,Charles City,Charles City County,VA,Virginia,51,036,01480109,06,473711551,55274680,True,False
51037,Charlotte,Charlotte County,VA,Virginia,51,037,01492442,06,1231010117,5809378,True,False
51041,Chesterfield,Chesterfield County,VA,Virginia,51,041,01480111,06,1096885427,34956371,True,False
51043,Clarke,Clarke County,VA,Virginia,51,043,01690562,06,455729731,5685740,True,False
51045,Craig,Craig County,VA,Virginia,51,045,01673664,06,849770441,2793174,True,False
51047,Culpeper,Culpeper County,VA,Virginia,51,047,01497831,06,982040771,9003844,True,False
51049,Cumberland,Cumberland County,VA,Virginia,51,049,01494109,06,770454311,5917833,True,False
51051,Dickenson,Dickenson County,VA,Virginia,51,051,01497376,06,855841910,8100226,True,False
51053,Dinwiddie,Dinwiddie County,VA,Virginia,51,053,01690739,06,1304903543,8988308,True,False
51057,Essex,Essex County,VA,Virginia,51,057,01480118,06,666506845,74795386,True,False
51059,Fairfax,Fairfax County,VA,Virginia,51,059,01480119,06,1012740195,40014055,True,False
51061,Fauquier,Fauquier County,VA,Virginia,51,061,01480120,06,1678296506,9665073,True,False
51063,Floyd,Floyd County,VA,Virginia,51,063,01494354,06,986585625,2190752,True,False
51065,Fluvanna,Fluvanna County,VA,Virginia,51,065,01494061,06,743637222,10740210,True,False
51067,Franklin,Franklin County,VA,Virginia,51,067,01494434,06,1788673577,54402647,True,False
51069,Frederick,Frederick County,VA,Virginia,51,069,01480124,06,1070014040,5860148,True,False
51071,Giles,Giles County,VA,Virginia,51,071,01494551,06,925207242,11232364,True,False
51073,Gloucester,Gloucester County,VA,Virginia,51,073,01480126,06,564137398,181734822,True,False
51075,Goochland,Goochland County,VA,Virginia,51,075,01674271,06,730485348,21955829,True,False
51077,Grayson,Grayson County,VA,Virginia,51,077,01501196,06,1144218750,9792930,True,False
51079,Greene,Greene County,VA,Virginia,51,079,01480129,06,403900808,1680201,True,False
51081,Greensville,Greensville County,VA,Virginia,51,081,01501122,06,765023844,4132842,True,False
51083,Halifax,Halifax County,VA,Virginia,51,083,01496705,06,2117913733,30524203,True,False
51085,Hanover,Hanover County,VA,Virginia,51,085,01480132,06,1211105217,12701750,True,False
51087,Henrico,Henrico County,VA,Virginia,51,087,01480133,06,605188390,28877896,True,False
51089,Henry,Henry County,VA,Virginia,51,089,01502770,06,990284627,5269785,True,False
51091,Highland,Highland County,VA,Virginia,51,091,01673774,06,1075266902,1791758,True,False
51093,Isle of Wight,Isle of Wight County,VA,Virginia,51,093,01702378,06,817621463,122099188,True,False
51095,James City,James City County,VA,Virginia,51,095,01480135,06,368550688,95239463,True,False
51097,King and Queen,King and Queen County,VA,Virginia,51,097,01480136,06,816221981,28929275,True,False
51099,King George,King George County,VA,Virginia,51,099,01480137,06,465234042,21087162,True,False
51101,King William,King William County,VA,Virginia,51,101,01480138,06,709424847,31090166,True,False
51103,Lancaster,Lancaster County,VA,Virginia,51,103,01480139,06,345309178,254066484,True,False
51105,Lee,Lee County,VA,Virginia,51,105,01496538,06,1127622849,4896591,True,False
51107,Loudoun,Loudoun County,VA,Virginia,51,107,01480141,06,1335776890,14472726,True,False
51109,Louisa,Louisa County,VA,Virginia,51,109,01494707,06,1282209973,37801171,True,False
51111,Lunenburg,Lunenburg County,VA,Virginia,51,111,01492239,06,1118097706,1743628,True,False
51113,Madison,Madison County,VA,Virginia,51,113,01494590,06,830449705,3206141,True,False
51115,Mathews,Mathews County,VA,Virginia,51,115,01480145,06,222510317,430069398,True,False
51117,Mecklenburg,Mecklenburg County,VA,Virginia,51,117,01500747,06,1619544367,139655803,True,False
51119,Middlesex,Middlesex County,VA,Virginia,51,119,01480147,06,337548267,208316469,True,False
51121,Montgomery,Montgomery County,VA,Virginia,51,121,01674630,06,1001932838,6278532,True,False
51125,Nelson,Nelson County,VA,Virginia,51,125,01500936,06,1219224535,8983980,True,False
51127,New Kent,New Kent County,VA,Virginia,51,127,01480150,06,543978943,35605786,True,False
51131,Northampton,Northampton County,VA,Virginia,51,131,01480151,06,548338645,1511361535,True,False
51133,Northumberland,Northumberland County,VA,Virginia,51,133,01480152,06,495808170,243884091,True,False
51135,Nottoway,Nottoway County,VA,Virginia,51,135,01493928,06,814265584,4297830,True,False
51137,Orange,Orange County,VA,Virginia,51,137,01494761,06,882014693,7002015,True,False
51139,Page,Page County,VA,Virginia,51,139,01500440,06,802941044,8378554,True,False
51141,Patrick,Patrick County,VA,Virginia,51,141,01497999,06,1250852627,7141128,True,False
51143,Pittsylvania,Pittsylvania County,VA,Virginia,51,143,01480157,06,2509705692,23903851,True,False
51145,Powhatan,Powhatan County,VA,Virginia,51,145,01674225,06,673921300,5444149,True,False
51147,Prince Edward,Prince Edward County,VA,Virginia,51,147,01492359,06,906356805,10079281,True,False
51149,Prince George,Prince George County,VA,Virginia,51,149,01480160,06,687232243,42745198,True,False
51153,Prince William,Prince William County,VA,Virginia,51,153,01480161,06,868329504,30896245,True,False
51155,Pulaski,Pulaski County,VA,Virginia,51,155,01501465,06,828380601,24874335,True,False
51157,Rappahannock,Rappahannock County,VA,Virginia,51,157,01673976,06,689900922,2142396,True,False
51159,Richmond,Richmond County,VA,Virginia,51,159,01480164,06,495925429,64458631,True,False
51161,Roanoke,Roanoke County,VA,Virginia,51,161,01480165,06,648919660,1752263,True,False
51163,Rockbridge,Rockbridge County,VA,Virginia,51,163,01480166,06,1545053255,8821787,True,False
51165,Rockingham,Rockingham County,VA,Virginia,51,165,01488970,06,2200961626,10639220,True,False
51167,Russell,Russell County,VA,Virginia,51,167,01497573,06,1226421370,7558481,True,False
51169,Scott,Scott County,VA,Virginia,51,169,01498172,06,1387786259,8105326,True,False
51171,Shenandoah,Shenandoah County,VA,Virginia,51,171,01673918,06,1315922186,9714047,True,False
51173,Smyth,Smyth County,VA,Virginia,51,173,01500545,06,1169221994,3289166,True,False
51175,Southampton,Southampton County,VA,Virginia,51,175,01480171,06,1552048348,8090235,True,False
51177,Spotsylvania,Spotsylvania County,VA,Virginia,51,177,01480172,06,1041025703,32952871,True,False
51179,Stafford,Stafford County,VA,Virginia,51,179,01480173,06,695382260,29942927,True,False
51181,Surry,Surry County,VA,Virginia,51,181,01480174,06,722475750,81216905,True,False
51183,Sussex,Sussex County,VA,Virginia,51,183,01690257,06,1269725163,6739204,True,False
51185,Tazewell,Tazewell County,VA,Virginia,51,185,01497748,06,1343663014,2920222,True,False
51187,Warren,Warren County,VA,Virginia,51,187,01674058,06,555738450,8583334,True,False
51191,Washington,Washington County,VA,Virginia,51,191,01498359,06,1453483671,12984239,True,False
51193,Westmoreland,Westmoreland County,VA,Virginia,51,193,01480179,06,593954110,61106474,True,False
51195,Wise,Wise County,VA,Virginia,51,195,01496656,06,1044913727,5238468,True,False
51197,Wythe,Wythe County,VA,Virginia,51,197,01501379,06,1196450499,7232492,True,False
51199,York,York County,VA,Virginia,51,199,01480182,06,271178812,285632252,True,False
51510,Alexandria,Alexandria city,VA,Virginia,51,510,01498415,25,38682331,1069028,True,False
51520,Bristol,Bristol city,VA,Virginia,51,520,01498416,25,33342735,315904,True,False
51530,Buena Vista,Buena Vista city,VA,Virginia,51,530,01498417,25,16674752,219579,True,False
51540,Charlottesville,Charlottesville city,VA,Virginia,51,540,01789068,25,26535238,46120,True,False
51550,Chesapeake,Chesapeake city,VA,Virginia,51,550,01498558,25,876598059,32349710,True,False
51570,Colonial Heights,Colonial Heights city,VA,Virginia,51,570,01498420,25,19475360,709877,True,False
51580,Covington,Covington city,VA,Virginia,51,580,01789069,25,14163840,521492,True,False
51590,Danville,Danville city,VA,Virginia,51,590,01498421,25,110858275,2327667,True,False
51595,Emporia,Emporia city,VA,Virginia,51,595,01498422,25,17168108,124634,True,False
51600,Fairfax,Fairfax city,VA,Virginia,51,600,01789070,25,16163923,84155,True,False
51610,Falls Church,Falls Church city,VA,Virginia,51,610,01498423,25,5300259,32,True,False
51620,Franklin,Franklin city,VA,Virginia,51,620,01498424,25,21438216,227442,True,False
51630,Fredericksburg,Fredericksburg city,VA,Virginia,51,630,01498425,25,27066499,178344,True,False
51640,Galax,Galax city,VA,Virginia,51,640,01498426,25,21332079,105290,True,False
51650,Hampton,Hampton city,VA,Virginia,51,650,01498554,25,133290524,219660054,True,False
51660,Harrisonburg,Harrisonburg city,VA,Virginia,51,660,01498563,25,44898872,131080,True,False
51670,Hopewell,Hopewell city,VA,Virginia,51,670,01498428,25,26817672,1228128,True,False
51678,Lexington,Lexington city,VA,Virginia,51,678,01789071,25,6473001,67783,True,False
51680,Lynchburg,Lynchburg city,VA,Virginia,51,680,01498429,25,126695080,1427120,True,False
51683,Manassas,Manassas city,VA,Virginia,51,683,01498430,25,25493247,146287,True,False
51685,Manassas Park,Manassas Park city,VA,Virginia,51,685,01498431,25,7835184,1609,True,False
51690,Martinsville,Martinsville city,VA,Virginia,51,690,01789072,25,28374648,135578,True,False
51700,Newport News,Newport News city,VA,Virginia,51,700,01498555,25,178698605,131131002,True,False
51710,Norfolk,Norfolk city,VA,Virginia,51,710,01498557,25,137981433,111701531,True,False
51720,Norton,Norton city,VA,Virginia,51,720,01498434,25,19366552,88961,True,False
51730,Petersburg,Petersburg city,VA,Virginia,51,730,01498435,25,58845730,577678,True,False
51735,Poquoson,Poquoson city,VA,Virginia,51,735,01498436,25,39773692,163429842,True,False
51740,Portsmouth,Portsmouth city,VA,Virginia,51,740,01498556,25,86250120,34656357,True,False
51750,Radford,Radford city,VA,Virginia,51,750,01498438,25,25061729,858277,True,False
51760,Richmond,Richmond city,VA,Virginia,51,760,01789073,25,155205068,6849165,True,False
51770,Roanoke,Roanoke city,VA,Virginia,51,770,01498439,25,110129887,855753,True,False
51775,Salem,Salem city,VA,Virginia,51,775,01789074,25,37597966,275156,True,False
51790,Staunton,Staunton city,VA,Virginia,51,790,01789075,25,51593818,147694,True,False
51800,Suffolk,Suffolk city,VA,Virginia,51,800,01498560,25,1033846634,77018053,True,False
51810,Virginia Beach,Virginia Beach city,VA,Virginia,51,810,01498559,25,633821983,654694007,True,False
51820,Waynesboro,Waynesboro city,VA,Virginia,51,820,01498443,25,38771596,364644,True,False
51830,Williamsburg,Williamsburg city,VA,Virginia,51,830,01789076,25,23149766,416905,True,False
51840,Winchester,Winchester city,VA,Virginia,51,840,01789077,25,23809503,54462,True,False
53001,Adams,Adams County,WA,Washington,53,001,01531601,06,4985698853,12464425,True,False
53003,Asotin,Asotin County,WA,Washington,53,003,01533502,06,1647427911,11291731,True,False
53005,Benton,Benton County,WA,Washington,53,005,01513302,06,4403309880,154293636,True,False
53007,Chelan,Chelan County,WA,Washington,53,007,01531932,06,7565814950,189653434,True,False
53009,Clallam,Clallam County,WA,Washington,53,009,01531341,06,4503408680,2409314039,True,False
53011,Clark,Clark County,WA,Washington,53,011,01531820,06,1627830710,70162369,True,False
53013,Columbia,Columbia County,WA,Washington,53,013,01513273,06,2249624762,12561759,True,False
53015,Cowlitz,Cowlitz County,WA,Washington,53,015,01529156,06,2955632728,65381492,True,False
53017,Douglas,Douglas County,WA,Washington,53,017,01531818,06,4711819962,76557106,True,False
53019,Ferry,Ferry County,WA,Washington,53,019,01531821,06,5706339544,140323410,True,False
53021,Franklin,Franklin County,WA,Washington,53,021,01531822,06,3215718475,60508754,True,False
53023,Garfield,Garfield County,WA,Washington,53,023,01533500,06,1841054901,19294817,True,False
53025,Grant,Grant County,WA,Washington,53,025,01531924,06,6940013358,289801991,True,False
53027,Grays Harbor,Grays Harbor County,WA,Washington,53,027,01531823,06,4926850759,832254152,True,False
53029,Island,Island County,WA,Washington,53,029,01513272,06,540526441,799338264,True,False
53031,Jefferson,Jefferson County,WA,Washington,53,031,01531936,06,4671633807,994992501,True,False
53033,King,King County,WA,Washington,53,033,01531933,06,5479767260,496378018,True,False
53035,Kitsap,Kitsap County,WA,Washington,53,035,01529223,06,1023271578,442224284,True,False
53037,Kittitas,Kittitas County,WA,Washington,53,037,01531926,06,5949957156,92507199,True,False
53039,Klickitat,Klickitat County,WA,Washington,53,039,01529219,06,4847515942,84930636,True,False
53041,Lewis,Lewis County,WA,Washington,53,041,01531927,06,6223175362,86929744,True,False
53043,Lincoln,Lincoln County,WA,Washington,53,043,01514052,06,5984433987,75253168,True,False
53045,Mason,Mason County,WA,Washington,53,045,01529221,06,2485261407,236927323,True,False
53047,Okanogan,Okanogan County,WA,Washington,53,047,01531928,06,13639376682,120435134,True,False
53049,Pacific,Pacific County,WA,Washington,53,049,01513274,06,2417427234,759290650,True,False
53051,Pend Oreille,Pend Oreille County,WA,Washington,53,051,01529157,06,3626617242,65406812,True,False
53053,Pierce,Pierce County,WA,Washington,53,053,01529159,06,4320164733,356034701,True,False
53055,San Juan,San Juan County,WA,Washington,53,055,01531931,06,450440703,1157470042,True,False
53057,Skagit,Skagit County,WA,Washington,53,057,01531402,06,4481279020,483819796,True,False
53059,Skamania,Skamania County,WA,Washington,53,059,01529220,06,4294894336,73326450,True,False
53061,Snohomish,Snohomish County,WA,Washington,53,061,01529222,06,5404057419,282914759,True,False
53063,Spokane,Spokane County,WA,Washington,53,063,01529225,06,4569319085,43407377,True,False
53065,Stevens,Stevens County,WA,Washington,53,065,01531930,06,6415666347,162933467,True,False
53067,Thurston,Thurston County,WA,Washington,53,067,01529226,06,1871300040,133584564,True,False
53069,Wahkiakum,Wahkiakum County,WA,Washington,53,069,01513275,06,680980773,61564428,True,False
53071,Walla Walla,Walla Walla County,WA,Washington,53,071,01531819,06,3289370358,74932288,True,False
53073,Whatcom,Whatcom County,WA,Washington,53,073,01529224,06,5459507981,1028087021,True,False
53075,Whitman,Whitman County,WA,Washington,53,075,01533501,06,5592463288,48246698,True,False
53077,Yakima,Yakima County,WA,Washington,53,077,01531929,06,11122734403,41188783,True,False
54001,Barbour,Barbour County,WV,West Virginia,54,001,01696996,06,883338377,4639586,True,False
54003,Berkeley,Berkeley County,WV,West Virginia,54,003,01550008,06,831725082,1057615,True,False
54005,Boone,Boone County,WV,West Virginia,54,005,01550009,06,1301131773,4307457,True,False
54007,Braxton,Braxton County,WV,West Virginia,54,007,01550010,06,1322796519,14344826,True,False
54009,Brooke,Brooke County,WV,West Virginia,54,009,01558262,06,230602296,8740202,True,False
54011,Cabell,Cabell County,WV,West Virginia,54,011,01550012,06,727850602,18109393,True,False
54013,Calhoun,Calhoun County,WV,West Virginia,54,013,01696945,06,723286841,3670131,True,False
54015,Clay,Clay County,WV,West Virginia,54,015,01550014,06,885657501,4822199,True,False
54017,Doddridge,Doddridge County,WV,West Virginia,54,017,01689476,06,828078407,1950541,True,False
54019,Fayette,Fayette County,WV,West Virginia,54,019,01560095,06,1714459787,17468298,True,False
54021,Gilmer,Gilmer County,WV,West Virginia,54,021,01689673,06,876717619,4082112,True,False
54023,Grant,Grant County,WV,West Virginia,54,023,01697238,06,1236389409,7544477,True,False
54025,Greenbrier,Greenbrier County,WV,West Virginia,54,025,01557518,06,2641319246,12136551,True,False
54027,Hampshire,Hampshire County,WV,West Virginia,54,027,01718644,06,1658634385,10902108,True,False
54029,Hancock,Hancock County,WV,West Virginia,54,029,01560574,06,213958961,13877476,True,False
54031,Hardy,Hardy County,WV,West Virginia,54,031,01718557,06,1508190145,5624064,True,False
54033,Harrison,Harrison County,WV,West Virginia,54,033,01718426,06,1077461994,1313215,True,False
54035,Jackson,Jackson County,WV,West Virginia,54,035,01559963,06,1202686619,18827429,True,False
54037,Jefferson,Jefferson County,WV,West Virginia,54,037,01550025,06,542054913,6150171,True,False
54039,Kanawha,Kanawha County,WV,West Virginia,54,039,01550026,06,2335490949,24050215,True,False
54041,Lewis,Lewis County,WV,West Virginia,54,041,01550027,06,1002148944,7031183,True,False
54043,Lincoln,Lincoln County,WV,West Virginia,54,043,01550028,06,1132065734,4053591,True,False
54045,Logan,Logan County,WV,West Virginia,54,045,01550029,06,1173016684,4686506,True,False
54047,McDowell,McDowell County,WV,West Virginia,54,047,01689162,06,1381651949,3728166,True,False
54049,Marion,Marion County,WV,West Virginia,54,049,01718173,06,799749345,7079304,True,False
54051,Marshall,Marshall County,WV,West Virginia,54,051,01717539,06,790973005,17384491,True,False
54053,Mason,Mason County,WV,West Virginia,54,053,01560254,06,1115683497,36124377,True,False
54055,Mercer,Mercer County,WV,West Virginia,54,055,01557645,06,1085106257,4442253,True,False
54057,Mineral,Mineral County,WV,West Virginia,54,057,01717890,06,849209722,3466312,True,False
54059,Mingo,Mingo County,WV,West Virginia,54,059,01550036,06,1095878013,2156358,True,False
54061,Monongalia,Monongalia County,WV,West Virginia,54,061,01550037,06,932638149,14986271,True,False
54063,Monroe,Monroe County,WV,West Virginia,54,063,01557702,06,1224426897,2297474,True,False
54065,Morgan,Morgan County,WV,West Virginia,54,065,01557950,06,593355928,1401571,True,False
54067,Nicholas,Nicholas County,WV,West Virginia,54,067,01550040,06,1675312980,19374524,True,False
54069,Ohio,Ohio County,WV,West Virginia,54,069,01717163,06,274630512,8266005,True,False
54071,Pendleton,Pendleton County,WV,West Virginia,54,071,01550042,06,1802760302,5428393,True,False
54073,Pleasants,Pleasants County,WV,West Virginia,54,073,01678557,06,337007570,11468023,True,False
54075,Pocahontas,Pocahontas County,WV,West Virginia,54,075,01550044,06,2435206743,4094092,True,False
54077,Preston,Preston County,WV,West Virginia,54,077,01558642,06,1680420302,6668159,True,False
54079,Putnam,Putnam County,WV,West Virginia,54,079,01550046,06,895304357,12224903,True,False
54081,Raleigh,Raleigh County,WV,West Virginia,54,081,01550047,06,1566865029,10389178,True,False
54083,Randolph,Randolph County,WV,West Virginia,54,083,01550048,06,2692810854,667359,True,False
54085,Ritchie,Ritchie County,WV,West Virginia,54,085,01689049,06,1170648853,4424613,True,False
54087,Roane,Roane County,WV,West Virginia,54,087,01550050,06,1252422377,404682,True,False
54089,Summers,Summers County,WV,West Virginia,54,089,01557805,06,933933880,18466643,True,False
54091,Taylor,Taylor County,WV,West Virginia,54,091,01689856,06,447475054,7532835,True,False
54093,Tucker,Tucker County,WV,West Virginia,54,093,01689423,06,1085313660,5310176,True,False
54095,Tyler,Tyler County,WV,West Virginia,54,095,01678706,06,663818559,11382160,True,False
54097,Upshur,Upshur County,WV,West Virginia,54,097,01696800,06,918506902,302703,True,False
54099,Wayne,Wayne County,WV,West Virginia,54,099,01550056,06,1310547894,15816947,True,False
54101,Webster,Webster County,WV,West Virginia,54,101,01550057,06,1433479490,7146541,True,False
54103,Wetzel,Wetzel County,WV,West Virginia,54,103,01717836,06,927402614,8435780,True,False
54105,Wirt,Wirt County,WV,West Virginia,54,105,01678877,06,602201075,5839708,True,False
54107,Wood,Wood County,WV,West Virginia,54,107,01560558,06,949229786,26590767,True,False
54109,Wyoming,Wyoming County,WV,West Virginia,54,109,01550061,06,1293620956,6083278,True,False
55001,Adams,Adams County,WI,Wisconsin,55,001,01581060,06,1672216222,108348983,True,False
55003,Ashland,Ashland County,WI,Wisconsin,55,003,01581061,06,2706458785,3230728302,True,False
55005,Barron,Barron County,WI,Wisconsin,55,005,01581062,06,2235375003,69100902,True,False
55007,Bayfield,Bayfield County,WI,Wisconsin,55,007,01581063,06,3827695962,1460282026,True,False
55009,Brown,Brown County,WI,Wisconsin,55,009,01581064,06,1372941329,221800795,True,False
55011,Buffalo,Buffalo County,WI,Wisconsin,55,011,01581065,06,1750291803,87548524,True,False
55013,Burnett,Burnett County,WI,Wisconsin,55,013,01581066,06,2127924507,151846472,True,False
55015,Calumet,Calumet County,WI,Wisconsin,55,015,01581067,06,824263567,204161559,True,False
55017,Chippewa,Chippewa County,WI,Wisconsin,55,017,01581068,06,2611822002,85039796,True,False
55019,Clark,Clark County,WI,Wisconsin,55,019,01581069,06,3133102384,23238614,True,False
55021,Columbia,Columbia County,WI,Wisconsin,55,021,01581070,06,1982894137,78697071,True,False
55023,Crawford,Crawford County,WI,Wisconsin,55,023,01581071,06,1478377402,73569358,True,False
55025,Dane,Dane County,WI,Wisconsin,55,025,01581072,06,3098910440,106205817,True,False
55027,Dodge,Dodge County,WI,Wisconsin,55,027,01581073,06,2268049932,81331199,True,False
55029,Door,Door County,WI,Wisconsin,55,029,01581074,06,1248209717,4890672315,True,False
55031,Douglas,Douglas County,WI,Wisconsin,55,031,01581075,06,3378048642,454293036,True,False
55033,Dunn,Dunn County,WI,Wisconsin,55,033,01581076,06,2201904315,35571132,True,False
55035,Eau Claire,Eau Claire County,WI,Wisconsin,55,035,01581077,06,1652211244,18848551,True,False
55037,Florence,Florence County,WI,Wisconsin,55,037,01581078,06,1263988287,24099863,True,False
55039,Fond du Lac,Fond du Lac County,WI,Wisconsin,55,039,01581079,06,1863667253,119853822,True,False
55041,Forest,Forest County,WI,Wisconsin,55,041,01581080,06,2626935115,83517439,True,False
55043,Grant,Grant County,WI,Wisconsin,55,043,01581081,06,2972281812,92642049,True,False
55045,Green,Green County,WI,Wisconsin,55,045,01581082,06,1512667179,1313241,True,False
55047,Green Lake,Green Lake County,WI,Wisconsin,55,047,01581083,06,905306441,79210988,True,False
55049,Iowa,Iowa County,WI,Wisconsin,55,049,01581084,06,1975379613,13870580,True,False
55051,Iron,Iron County,WI,Wisconsin,55,051,01581085,06,1963763896,416859798,True,False
55053,Jackson,Jackson County,WI,Wisconsin,55,053,01581086,06,2558687749,32538319,True,False
55055,Jefferson,Jefferson County,WI,Wisconsin,55,055,01581087,06,1441311671,67982467,True,False
55057,Juneau,Juneau County,WI,Wisconsin,55,057,01581088,06,1986729540,98638538,True,False
55059,Kenosha,Kenosha County,WI,Wisconsin,55,059,01581089,06,704044386,1248872159,True,False
55061,Kewaunee,Kewaunee County,WI,Wisconsin,55,061,01581090,06,886948865,1921339190,True,False
55063,La Crosse,La Crosse County,WI,Wisconsin,55,063,01581091,06,1170172399,73153072,True,False
55065,Lafayette,Lafayette County,WI,Wisconsin,55,065,01581092,06,1640985417,2539010,True,False
55067,Langlade,Langlade County,WI,Wisconsin,55,067,01581093,06,2255076043,44299597,True,False
55069,Lincoln,Lincoln County,WI,Wisconsin,55,069,01581094,06,2276025469,72552140,True,False
55071,Manitowoc,Manitowoc County,WI,Wisconsin,55,071,01581095,06,1526302544,2343337598,True,False
55073,Marathon,Marathon County,WI,Wisconsin,55,073,01581096,06,4002176367,80510469,True,False
55075,Marinette,Marinette County,WI,Wisconsin,55,075,01581097,06,3624605672,389870112,True,False
55077,Marquette,Marquette County,WI,Wisconsin,55,077,01581098,06,1180274245,22683972,True,False
55078,Menominee,Menominee County,WI,Wisconsin,55,078,01581099,06,926217565,19022479,True,False
55079,Milwaukee,Milwaukee County,WI,Wisconsin,55,079,01581100,06,625371986,2455452227,True,False
55081,Monroe,Monroe County,WI,Wisconsin,55,081,01581101,06,2333329779,18586766,True,False
55083,Oconto,Oconto County,WI,Wisconsin,55,083,01581102,06,2583460781,392042283,True,False
55085,Oneida,Oneida County,WI,Wisconsin,55,085,01581103,06,2885105535,317599630,True,False
55087,Outagamie,Outagamie County,WI,Wisconsin,55,087,01581104,06,1651266098,18260942,True,False
55089,Ozaukee,Ozaukee County,WI,Wisconsin,55,089,01581105,06,603495165,2287434584,True,False
55091,Pepin,Pepin County,WI,Wisconsin,55,091,01581106,06,600897662,43238263,True,False
55093,Pierce,Pierce County,WI,Wisconsin,55,093,01581107,06,1486700535,48452323,True,False
55095,Polk,Polk County,WI,Wisconsin,55,095,01581108,06,2368075604,109027908,True,False
55097,Portage,Portage County,WI,Wisconsin,55,097,01581109,06,2074252976,56835086,True,False
55099,Price,Price County,WI,Wisconsin,55,099,01581110,06,3247997114,62089703,True,False
55101,Racine,Racine County,WI,Wisconsin,55,101,01581111,06,861465348,1190175268,True,False
55103,Richland,Richland County,WI,Wisconsin,55,103,01581112,06,1518120284,8153422,True,False
55105,Rock,Rock County,WI,Wisconsin,55,105,01581113,06,1860046351,20694407,True,False
55107,Rusk,Rusk County,WI,Wisconsin,55,107,01581114,06,2365981774,44924197,True,False
55109,St. Croix,St. Croix County,WI,Wisconsin,55,109,01581833,06,1870380164,33740052,True,False
55111,Sauk,Sauk County,WI,Wisconsin,55,111,01581115,06,2153800039,45578932,True,False
55113,Sawyer,Sawyer County,WI,Wisconsin,55,113,01581116,06,3257178048,239922217,True,False
55115,Shawano,Shawano County,WI,Wisconsin,55,115,01581117,06,2313441782,41883029,True,False
55117,Sheboygan,Sheboygan County,WI,Wisconsin,55,117,01581118,06,1324828373,1967670376,True,False
55119,Taylor,Taylor County,WI,Wisconsin,55,119,01581119,06,2525374173,24630990,True,False
55121,Trempealeau,Trempealeau County,WI,Wisconsin,55,121,01581120,06,1898373579,23331635,True,False
55123,Vernon,Vernon County,WI,Wisconsin,55,123,01581121,06,2050138652,64286576,True,False
55125,Vilas,Vilas County,WI,Wisconsin,55,125,01581122,06,2221464775,414409101,True,False
55127,Walworth,Walworth County,WI,Wisconsin,55,127,01581123,06,1438571926,54805475,True,False
55129,Washburn,Washburn County,WI,Wisconsin,55,129,01581124,06,2064515984,145563867,True,False
55131,Washington,Washington County,WI,Wisconsin,55,131,01581125,06,1115362169,12999404,True,False
55133,Waukesha,Waukesha County,WI,Wisconsin,55,133,01581126,06,1423787374,79799940,True,False
55135,Waupaca,Waupaca County,WI,Wisconsin,55,135,01581127,06,1936539537,45252052,True,False
55137,Waushara,Waushara County,WI,Wisconsin,55,137,01581128,06,1621749747,29096948,True,False
55139,Winnebago,Winnebago County,WI,Wisconsin,55,139,01581129,06,1125861111,372630362,True,False
55141,Wood,Wood County,WI,Wisconsin,55,141,01581130,06,2053933339,42019652,True,False
56001,Albany,Albany County,WY,Wyoming,56,001,01605066,06,11070062783,89554047,True,False
56003,Big Horn,Big Horn County,WY,Wyoming,56,003,01605067,06,8124681754,55228617,True,False
56005,Campbell,Campbell County,WY,Wyoming,56,005,01605068,06,12437291865,11010427,True,False
56007,Carbon,Carbon County,WY,Wyoming,56,007,01605069,06,20455066971,171534271,True,False
56009,Converse,Converse County,WY,Wyoming,56,009,01605070,06,11020383701,26070602,True,False
56011,Crook,Crook County,WY,Wyoming,56,011,01605071,06,7393068925,28186052,True,False
56013,Fremont,Fremont County,WY,Wyoming,56,013,01605072,06,23785405223,212752232,True,False
56015,Goshen,Goshen County,WY,Wyoming,56,015,01605073,06,5764310968,16969719,True,False
56017,Hot Springs,Hot Springs County,WY,Wyoming,56,017,01605074,06,5191453508,5100560,True,False
56019,Johnson,Johnson County,WY,Wyoming,56,019,01609191,06,10759204100,52952166,True,False
56021,Laramie,Laramie County,WY,Wyoming,56,021,01605075,06,6956355027,4348084,True,False
56023,Lincoln,Lincoln County,WY,Wyoming,56,023,01605076,06,10555073814,49947329,True,False
56025,Natrona,Natrona County,WY,Wyoming,56,025,01605077,06,13831927724,90969877,True,False
56027,Niobrara,Niobrara County,WY,Wyoming,56,027,01605078,06,6801380681,4969450,True,False
56029,Park,Park County,WY,Wyoming,56,029,01605079,06,17972027719,67638744,True,False
56031,Platte,Platte County,WY,Wyoming,56,031,01605080,06,5390953603,76102036,True,False
56033,Sheridan,Sheridan County,WY,Wyoming,56,033,01605081,06,6535473446,7987952,True,False
56035,Sublette,Sublette County,WY,Wyoming,56,035,01605082,06,12655929028,127353627,True,False
56037,Sweetwater,Sweetwater County,WY,Wyoming,56,037,01609192,06,27005754381,166230249,True,False
56039,Teton,Teton County,WY,Wyoming,56,039,01605083,06,10351781982,570867194,True,False
56041,Uinta,Uinta County,WY,Wyoming,56,041,01605084,06,5391645106,16612478,True,False
56043,Washakie,Washakie County,WY,Wyoming,56,043,01605085,06,5798152465,10415890,True,False
56045,Weston,Weston County,WY,Wyoming,56,045,01605086,06,6210804121,5225499,True,False
60010,Eastern,Eastern District,AS,American Samoa,60,010,01805240,07,65124865,349724678,False,True
60020,Manu'a,Manu'a District,AS,American Samoa,60,020,01805242,07,57620993,464238044,False,True
60030,Rose Island,Rose Island,AS,American Samoa,60,030,01805243,00,82093,147383994,False,True
60040,Swains Island,Swains Island,AS,American Samoa,60,040,01805244,00,2432605,149170816,False,True
60050,Western,Western District,AS,American Samoa,60,050,01805241,07,72498514,196726219,False,True
66010,Guam,Guam,GU,Guam,66,010,01802705,00,543555846,934337452,False,True
69085,Northern Islands,Northern Islands Municipality,MP,Commonwealth of the Northern Mariana Islands,69,085,01805245,12,160067128,2939499290,False,True
69100,Rota,Rota Municipality,MP,Commonwealth of the Northern Mariana Islands,69,100,01805246,12,85096796,539092797,False,True
69110,Saipan,Saipan Municipality,MP,Commonwealth of the Northern Mariana Islands,69,110,01805247,12,118890990,532767361,False,True
69120,Tinian,Tinian Municipality,MP,Commonwealth of the Northern Mariana Islands,69,120,01805248,12,108237606,632893009,False,True
72001,Adjuntas,Adjuntas Municipio,PR,Puerto Rico,72,001,01804480,13,172707710,1051110,False,True
72003,Aguada,Aguada Municipio,PR,Puerto Rico,72,003,01804481,13,79923634,38025989,False,True
72005,Aguadilla,Aguadilla Municipio,PR,Puerto Rico,72,005,01804482,13,94642780,101102905,False,True
72007,Aguas Buenas,Aguas Buenas Municipio,PR,Puerto Rico,72,007,01804483,13,77919502,28383,False,True
72009,Aibonito,Aibonito Municipio,PR,Puerto Rico,72,009,01804484,13,81098529,67829,False,True
72011,Añasco,Añasco Municipio,PR,Puerto Rico,72,011,01804485,13,101768273,14586805,False,True
72013,Arecibo,Arecibo Municipio,PR,Puerto Rico,72,013,01804486,13,326441300,116989540,False,True
72015,Arroyo,Arroyo Municipio,PR,Puerto Rico,72,015,01804487,13,38874279,53455123,False,True
72017,Barceloneta,Barceloneta Municipio,PR,Puerto Rico,72,017,01804488,13,48391984,31649616,False,True
72019,Barranquitas,Barranquitas Municipio,PR,Puerto Rico,72,019,01804489,13,88714042,77812,False,True
72021,Bayamón,Bayamón Municipio,PR,Puerto Rico,72,021,01804490,13,115097577,314191,False,True
72023,Cabo Rojo,Cabo Rojo Municipio,PR,Puerto Rico,72,023,01804491,13,182243801,277249319,False,True
72025,Caguas,Caguas Municipio,PR,Puerto Rico,72,025,01804492,13,151783109,1201073,False,True
72027,Camuy,Camuy Municipio,PR,Puerto Rico,72,027,01804493,13,120259579,40304880,False,True
72029,Canóvanas,Canóvanas Municipio,PR,Puerto Rico,72,029,01804494,13,85130265,362179,False,True
72031,Carolina,Carolina Municipio,PR,Puerto Rico,72,031,01804495,13,117529651,38717131,False,True
72033,Cataño,Cataño Municipio,PR,Puerto Rico,72,033,01804496,13,12515853,5614795,False,True
72035,Cayey,Cayey Municipio,PR,Puerto Rico,72,035,01804497,13,134509879,68570,False,True
72037,Ceiba,Ceiba Municipio,PR,Puerto Rico,72,037,01804498,13,75201651,336178484,False,True
72039,Ciales,Ciales Municipio,PR,Puerto Rico,72,039,01804499,13,172310992,459604,False,True
72041,Cidra,Cidra Municipio,PR,Puerto Rico,72,041,01804500,13,93297949,1120363,False,True
72043,Coamo,Coamo Municipio,PR,Puerto Rico,72,043,01804501,13,202053023,38061,False,True
72045,Comerío,Comerío Municipio,PR,Puerto Rico,72,045,01804502,13,73558825,318383,False,True
72047,Corozal,Corozal Municipio,PR,Puerto Rico,72,047,01804503,13,110244784,15579,False,True
72049,Culebra,Culebra Municipio,PR,Puerto Rico,72,049,01804504,13,30166574,407107287,False,True
72051,Dorado,Dorado Municipio,PR,Puerto Rico,72,051,01804505,13,59869074,79239771,False,True
72053,Fajardo,Fajardo Municipio,PR,Puerto Rico,72,053,01804506,13,77458705,195342715,False,True
72054,Florida,Florida Municipio,PR,Puerto Rico,72,054,01804507,13,39430433,21333,False,True
72055,Guánica,Guánica Municipio,PR,Puerto Rico,72,055,01804508,13,96043786,109810548,False,True
72057,Guayama,Guayama Municipio,PR,Puerto Rico,72,057,01804509,13,168447004,108208766,False,True
72059,Guayanilla,Guayanilla Municipio,PR,Puerto Rico,72,059,01804510,13,109421574,56912432,False,True
72061,Guaynabo,Guaynabo Municipio,PR,Puerto Rico,72,061,01804511,13,71444630,468302,False,True
72063,Gurabo,Gurabo Municipio,PR,Puerto Rico,72,063,01804512,13,72220852,1108848,False,True
72065,Hatillo,Hatillo Municipio,PR,Puerto Rico,72,065,01804513,13,108117624,43968813,False,True
72067,Hormigueros,Hormigueros Municipio,PR,Puerto Rico,72,067,01804514,13,29384892,481,False,True
72069,Humacao,Humacao Municipio,PR,Puerto Rico,72,069,01804515,13,115821791,69096343,False,True
72071,Isabela,Isabela Municipio,PR,Puerto Rico,72,071,01804516,13,143256015,94636772,False,True
72073,Jayuya,Jayuya Municipio,PR,Puerto Rico,72,073,01804517,13,115379730,2916,False,True
72075,Juana Díaz,Juana Díaz Municipio,PR,Puerto Rico,72,075,01804518,13,156352472,121317740,False,True
72077,Juncos,Juncos Municipio,PR,Puerto Rico,72,077,01804519,13,68609068,323997,False,True
72079,Lajas,Lajas Municipio,PR,Puerto Rico,72,079,01804520,13,155298284,106642415,False,True
72081,Lares,Lares Municipio,PR,Puerto Rico,72,081,01804521,13,159165870,485277,False,True
72083,Las Marías,Las Marías Municipio,PR,Puerto Rico,72,083,01804522,13,120071819,376224,False,True
72085,Las Piedras,Las Piedras Municipio,PR,Puerto Rico,72,085,01804523,13,87748413,32509,False,True
72087,Loíza,Loíza Municipio,PR,Puerto Rico,72,087,01804524,13,50179423,119730395,False,True
72089,Luquillo,Luquillo Municipio,PR,Puerto Rico,72,089,01804525,13,66852037,53658780,False,True
72091,Manatí,Manatí Municipio,PR,Puerto Rico,72,091,01804526,13,116913016,66163824,False,True
72093,Maricao,Maricao Municipio,PR,Puerto Rico,72,093,01804527,13,94852006,12228,False,True
72095,Maunabo,Maunabo Municipio,PR,Puerto Rico,72,095,01804528,13,54816715,44549509,False,True
72097,Mayagüez,Mayagüez Municipio,PR,Puerto Rico,72,097,01804529,13,200954974,508925231,False,True
72099,Moca,Moca Municipio,PR,Puerto Rico,72,099,01804530,13,130383571,56474,False,True
72101,Morovis,Morovis Municipio,PR,Puerto Rico,72,101,01804531,13,100676183,139537,False,True
72103,Naguabo,Naguabo Municipio,PR,Puerto Rico,72,103,01804532,13,133801410,53350090,False,True
72105,Naranjito,Naranjito Municipio,PR,Puerto Rico,72,105,01804533,13,70968916,898323,False,True
72107,Orocovis,Orocovis Municipio,PR,Puerto Rico,72,107,01804534,13,164765816,402899,False,True
72109,Patillas,Patillas Municipio,PR,Puerto Rico,72,109,01804535,13,120704455,74065750,False,True
72111,Peñuelas,Peñuelas Municipio,PR,Puerto Rico,72,111,01804536,13,115643093,60126691,False,True
72113,Ponce,Ponce Municipio,PR,Puerto Rico,72,113,01804537,13,297625856,203742557,False,True
72115,Quebradillas,Quebradillas Municipio,PR,Puerto Rico,72,115,01804538,13,58710455,30204027,False,True
72117,Rincón,Rincón Municipio,PR,Puerto Rico,72,117,01804539,13,37005458,103924382,False,True
72119,Río Grande,Río Grande Municipio,PR,Puerto Rico,72,119,01804540,13,157008573,74876349,False,True
72121,Sabana Grande,Sabana Grande Municipio,PR,Puerto Rico,72,121,01804541,13,94011782,25323,False,True
72123,Salinas,Salinas Municipio,PR,Puerto Rico,72,123,01804542,13,179755403,115816412,False,True
72125,San Germán,San Germán Municipio,PR,Puerto Rico,72,125,01804543,13,141145282,29099,False,True
72127,San Juan,San Juan Municipio,PR,Puerto Rico,72,127,01804544,13,124024389,75273470,False,True
72129,San Lorenzo,San Lorenzo Municipio,PR,Puerto Rico,72,129,01804545,13,137547956,256428,False,True
72131,San Sebastián,San Sebastián Municipio,PR,Puerto Rico,72,131,01804546,13,182403550,2063106,False,True
72133,Santa Isabel,Santa Isabel Municipio,PR,Puerto Rico,72,133,01804547,13,88237978,111047208,False,True
72135,Toa Alta,Toa Alta Municipio,PR,Puerto Rico,72,135,01804548,13,69983347,1404735,False,True
72137,Toa Baja,Toa Baja Municipio,PR,Puerto Rico,72,137,01804549,13,60201715,48075983,False,True
72139,Trujillo Alto,Trujillo Alto Municipio,PR,Puerto Rico,72,139,01804550,13,53763396,1615332,False,True
72141,Utuado,Utuado Municipio,PR,Puerto Rico,72,141,01804551,13,294095377,3904417,False,True
72143,Vega Alta,Vega Alta Municipio,PR,Puerto Rico,72,143,01804552,13,71810728,25307600,False,True
72145,Vega Baja,Vega Baja Municipio,PR,Puerto Rico,72,145,01804553,13,118748575,57824098,False,True
72147,Vieques,Vieques Municipio,PR,Puerto Rico,72,147,01804554,13,131541387,552192821,False,True
72149,Villalba,Villalba Municipio,PR,Puerto Rico,72,149,01804555,13,92200653,3595301,False,True
72151,Yabucoa,Yabucoa Municipio,PR,Puerto Rico,72,151,01804556,13,143005193,72592515,False,True
72153,Yauco,Yauco Municipio,PR,Puerto Rico,72,153,01804557,13,175436930,1623306,False,True
78010,St. Croix,St. Croix Island,VI,United States Virgin Islands,78,010,02378248,10,215914976,645644854,False,True
78020,St. John,St. John Island,VI,United States Virgin Islands,78,020,02378249,10,50998058,186670411,False,True
78030,St. Thomas,St. Thomas Island,VI,United States Virgin Islands,78,030,02378250,10,81108881,717920921,False,True
